sha256,label,year,target_split,target_eval_split,pkg_name,market,source
08c2d0117500b337d2768e65e75532becf0b3642963a9124d17746601b8bc74e,1,2018,train,train,com.facetech.emojiking,other,full_csv
86e0494e418f22c5f05bacff67ee0c6e1691e4fcadebce9a3fa6ac490982101c,1,2018,train,train,cc.madkite.freedom,other,full_csv
2ba91c75a43ff786e13d4db011b76b3ff0d8039d1037d82dae4243d29931a237,1,2019,train,train,com.android.slientinstall,other,full_csv
31d34ef2aa68353d026f9c24b7633089e5b7964639a060aa9783a2aa3f0edcb5,1,2019,train,train,com.android.system,other,full_csv
620278754a110703728bebf62c15f6eba163f4fbd2cc6566d00188d5be566af2,1,2019,train,train,jp.asaimiwsewqphom.fzrguasinx.j2713b019ac.k210b8e,other,full_csv
6c9d6add53823fc0efaa6c92150aa716513c2abc42cae22cf8818bdbe39358f0,1,2019,train,train,com.rhjh.mdrj.jjdi,other,full_csv
ca82664728140065a7e28efafeae31c68e6a9990199be9d9f70918ced69dd38d,1,2019,train,train,com.sosexy.fishingjoy,other,full_csv
cb6f122d43f345cc4979e409252bd155057aadcfa2ec5cd69f18029681e54b5f,1,2019,train,train,com.android.system,other,full_csv
d375afccdf16b25130e6dc71e7a428aa92a55feb882a875868e41d271dfc9fb7,1,2019,train,train,cn.sunzn,other,full_csv
03e622ddc952143e52ff71eb0e2bf86c4d8653089d8b3043a11b283409897ab6,1,2021,train,train,com.twinmask.trackingsystem,play,full_csv
058d1c6c0473cf6038f245b293eb83e81301df551aa45079c1fb99dd877a78df,1,2021,train,train,net.iusky.yijiayou,other,full_csv
0843f240aa4f757e30067dad244af17211629730ed4bc8ec845521766f314fae,1,2021,train,train,com.fanhuan,other,full_csv
1a3f8941208c89f2be8b5828033ed7ce846b10fc6d25fa4a895078da717ae854,1,2021,train,train,com.sinyee.babybus.songIV,other,full_csv
1ba1e37249440e6e9c5971804ae4cf189caf1e3db8d0175edd90212feabb4a05,1,2021,train,train,com.yiyou.cantonese,other,full_csv
1ba3858ab861e4101c2af394d254539ca9f57754448bbb3d4b32b4f7f3ab64ae,1,2021,train,train,cn.uqu8.brainsharp,other,full_csv
1befa9631e0cf7ae19aba9983b2292cfa347cd6f50624c3be801ae547791dcaf,1,2021,train,train,com.psbc.citizencard,other,full_csv
1c49b5cd7726f1ab927d409ff0b6c7d56d63a3e3f3f47831f5b3f38146e77f51,1,2021,train,train,com.libii.princessvacation.egame,other,full_csv
1c92b42ac2f4d28d11cffdb80f12323d2795b06ecec2416323c994ae85ad9073,1,2021,train,train,com.hiwan.kingoppro,other,full_csv
1cbf62bf002b3a1ede57157a0c1b29617cfde2e0e0894386aeb62d2c2ec3c6ad,1,2021,train,train,com.appbyme.app20757,other,full_csv
1cca50ee7a90b7105d729da74ab6b399d22e9aa69eadba29d9db26c978b6d645,1,2021,train,train,coding.yu.ccompiler,other,full_csv
1d327aed614468cedd50ef5bc2f0bad6232baf9d4de5c3501d5fd13eecc4233b,1,2021,train,train,com.esbook.reader,other,full_csv
1d6866327074aeaaeb36800261c1a592ba7c2519271553cb22ee1f3b84ba80c2,1,2021,train,train,com.jjwxc.reader,other,full_csv
1d6f77aead3670bef07e4288de4007a09a55af553e8fdb24dde8c09bce823b14,1,2021,train,train,com.wLIMI_13087762,play,full_csv
1d82ad40cb9d32811f76ed5d4d88f35ce3be86afe63eb86be0a36403c21fb5cb,1,2021,train,train,com.sinyee.babybus.recommendapp,other,full_csv
1d83b5bbf944d8ec751374ef23c59b6eb788cae84416520b3af22bb7e8a2b3cc,1,2021,train,train,com.xujiaji.todo,other,full_csv
1ddbeaffa48df5b6419da1c2947ee590497ef19fe29b4ea64987618276c55954,1,2021,train,train,com.danxia.app.android,other,full_csv
1ebfb15cbbab50e62e960e9202ec032660af51b78f1e77718757182e46e14929,1,2021,train,train,www.tuyaka.cn,other,full_csv
1ee6d73d0f9a667f858d8a75e5ef339f8613c9de2c35bb04d6578e2243ba5598,1,2021,train,train,com.zhugezhaofang,other,full_csv
1eefb4f155fe88a867ddd0fe339b3b893aa0aee3b32bd9c2b3a4a442920d76eb,1,2021,train,train,com.zhaobenshu.app,other,full_csv
1f3f783d9d81040633faa669bcc890feef8f219586b46d6613ea4cb28edacf73,1,2021,train,train,com.wisdomshandong.app,other,full_csv
1f408de785cb322d94cc49a2fb8a3a9a56f2b8ba0ffd23150c01575ae437cfb8,1,2021,train,train,com.hecom.mgm,other,full_csv
1fa6fd4eca52b8d3350e0da23c8671ccdecd5c7c75d177577c655f41092acb67,1,2021,train,train,com.tianxingjian.screenshot,other,full_csv
1fbc8962e64fb23332678c6aed41fa7e7272d4552733ba6c1d682f70421378dc,1,2021,train,train,com.kidkear.lasthero.yyh,other,full_csv
20a6cc6f751ce95af9a1661961bf0ff0cccf5834e386bdd3f47a3c9145406056,1,2021,train,train,com.liangjiangjianshe.liangjiangzhijia,other,full_csv
211517ee39414f819edff42dd6c5d87921919f6e886089947c33511c8199eaac,1,2021,train,train,com.easi.courier,play,full_csv
216454accee0e76fd8389fad2b16bde32008ca62f64426e2379c0e01e6e17b28,1,2021,train,train,com.Company.UnityTest_st,other,full_csv
2240c047d145309631faf51f6bc47dac731902d30d02f1bc58add5b42f5489a3,1,2021,train,train,com.wflappysayanoriginal_13450236,play,full_csv
2272e2867fa1bc6fed95dd9f724409d8e81bc08c2c14e3daeb43991dcc61d6e7,1,2021,train,train,com.doctorcom.ipv6assistant,other,full_csv
2340f5d5e58482e2f618ce3b41edb7f762bef205eb754e778a1de686f2d31eec,1,2021,train,train,com.wodelu.fogmap,other,full_csv
23cf453c0accc9306af66a3244f69e5653b9b35a49e170139063bb444b4779c0,1,2021,train,train,com.wTruthorDare_13833630,play,full_csv
24cebe5a6772967d9e08201955c8942736d58895cfda6ed8f45ec18022aaabf9,1,2021,train,train,com.chan.cwallpaper,other,full_csv
253e7d706f24ebbd60430cffc2705f4a39098e76e438634331ddf5845ead09e9,1,2021,train,train,com.kpl.student,other,full_csv
2549d105919750d0ba6931d851b542ffc41a6a8d9f93a1bf981d4fedfe9f4721,1,2021,train,train,com.chenghui.jiaxiao.motor,other,full_csv
25e8b72fbdc350b285aa4cea32232cc8fa9daa34756468043cccac73618710fa,1,2021,train,train,com.lwcx.lw080,play,full_csv
26586a6e5d75884432a663493eaa3e8b678ca02b1041745488f36088919c0fab,1,2021,train,train,com.jjzt.futures,other,full_csv
26ba70dac77b9a2fbb1190dbc9df7ac4a49fc27a15d0e9c380a9122eb19b50a8,1,2021,train,train,com.wclaimFreeDogecoin__13557517,play,full_csv
271b6e8611e43e8a7d545b59fd59c0f132b8ad2310af507d1b15954c8d56e890,1,2021,train,train,com.generic_oem.cashier,other,full_csv
274789c16a945849a12fe0456e2fe50d2ba1cb8f9e12b61d3eeab6cbcb06725d,1,2021,train,train,com.touchtv.nanxiong,other,full_csv
276d1fbbfa94686ef12165966c066040d21c3354cac9ce3d805d5dd86e46a5e5,1,2021,train,train,com.feiyou.headstyle,other,full_csv
282d10db90e6a8a235c286bad1eb4cbf3a37fba50ed13264d841820c3ccb17d9,1,2021,train,train,com.tank.yyh,other,full_csv
287fea581a87c9e5aa4e031e4c4da6948ecca87b47436cf281a28d04c2cd32bf,1,2021,train,train,com.android.comicsisland.activity,other,full_csv
2883dcb084cdbffce410c04364ba4ea10c4c3c6359719f61cbfdf2ca94eb7d05,1,2021,train,train,com.cmcc.hbb.android.phone.parents,other,full_csv
291ec74ee3393f941733aada831849533241cff2db29683d6c47e892353dd33b,1,2021,train,train,com.hhsq,other,full_csv
29277fa8ec9dc973106f26eefa637816f98c2a2b540c4b26a38ac906cd593ee8,1,2021,train,train,com.dingYZ.dingyzwater,other,full_csv
2949d2af0a8da1aeaf856a9c6826dfb81e52e265671d5ce3e2328a71ab19e2ef,1,2021,train,train,gov.zwfw.samr.djzc,other,full_csv
294e3f251d1592927b32b10ac69ccbfea1df0697249449da72a91f86b739edda,1,2021,train,train,com.mutualfollower.tiktok,play,full_csv
29b529d5f4cf8830bedb701f20ad08f3f28dd218f36f96dfbe7e9006889c82ba,1,2021,train,train,com.vct.redbean,other,full_csv
29d34e40848dc795c4038d7d6d2ffb8fbcb3781ce2f9867a9904f2f4841c5eeb,1,2021,train,train,com.huangyou.jiamitem,other,full_csv
29edd5fb1cecc159f0903abdb665e1ae7a955ecda5b3b659142b55054a46da3e,1,2021,train,train,com.chinaife.acca,other,full_csv
2a6a7d6496ff2f5e4281f6be338bb17602ffab9025e25d04f28413aabda726a7,1,2021,train,train,com.pingan.project.pingan,other,full_csv
2aae464fbd119d17bc23a53e997d4aa15e23d4e4bf6e3fcc47a5008f9deb9011,1,2021,train,train,cn.ecook.catecamera,other,full_csv
2ac64146104714451badb9c35c4a5cfe4bbe276074fcd9a59663cb297bce816e,1,2021,train,train,gjs.profitprofit.tradeyea,play,full_csv
2b2fa1badf5223e10cb7c2e8a91380b698a33380a28075c2b8a931a3d7a60cd7,1,2021,train,train,com.cqlqsoft.wenhejids,other,full_csv
2b933c05c69b66744c3fc497214fdc6621de1cab8a0b1b719cee1ff4303ab6f6,1,2021,train,train,com.yzd.habit.time,other,full_csv
2bd00f1499fd5e2de6fef5206208db0cd24a59d277d899ca6e0d7fe4d367efbc,1,2021,train,train,com.exmart.friendbang,other,full_csv
2c6f410b84e8df3d5753b107ec0a792c3863700845ac56fae1d666cc87bc7307,1,2021,train,train,com.babybar.morning,other,full_csv
2cbdfab129ce09d0a52c0ce50eee2c7385b4dcb571a760cf36610c5e298c7039,1,2021,train,train,com.wdit.shrmtyp,other,full_csv
2cdb2f26917db28b81007f1e0753ea92904c261c92be7aa5969362118ddaca14,1,2021,train,train,com.gl365.android.merchant,other,full_csv
2cf79af13813b9a58896f97f726664af588df6fc5af350d4c8fcb70ce35a325a,1,2021,train,train,org.cjyun.yunshangxiaogan,other,full_csv
2d6a233e254172d08e305d5ad8b2f3c3f6b14e81df5124e8b98fc1e7a46cb1ed,1,2021,train,train,com.bubblegame.popit.fidgets,play,full_csv
2dcb7e2ee04865e7294119633323b3420f4836eaefed9a81f9fb4eb0ad92f62f,1,2021,train,train,com.sinyee.babybus.number,other,full_csv
2ddabab64fdaeb3e667ed4d3c12804654828ad9cecacb8dea1aaaed5acdab011,1,2021,train,train,com.lolaage.tbulu.tools,other,full_csv
2ddf74f1200496286bf4a8b1f2b881437a9b182b1149a6b464a4257d84b43125,1,2021,train,train,com.movesky.chengyugame,other,full_csv
2e1222b3d585f82557a5e9be42ec2bdac383d6245dde1d735b0e6aec20280f75,1,2021,train,train,com.wCatcoloringGame_12938483,play,full_csv
2e6435a372e667dff41f196b5244e43861e24d8adbcac1417adaf3bd38f7fd88,1,2021,train,train,lms2.xz.act,other,full_csv
2eadcf1a3e5e84b17b8226960a3da66486febb752b91c99b79537512b011969c,1,2021,train,train,com.ww9hitsbyWilliamNabaza_12625019,play,full_csv
2ebfc41d926f1a4d0bfe2afdc598193078d0c880a05be749f7731456ac78fed6,1,2021,train,train,com.cmstop.yangzhounews,other,full_csv
2f53816a8c4a5604b3176b90d71683c619453bd6ddaa1fa4e87baebac51af3d3,1,2021,train,train,com.truedian.dragon,other,full_csv
2ffa34d3d9d8f284d6db7888810417a9f3389a1c06a7dd821da53e039147db4d,1,2021,train,train,com.e23.jnfb,other,full_csv
302875ab47a69d110bae31b6429a7e1693a0357245d902d8b53d4a7f64dba7d5,1,2021,train,train,com.FNFNightFunkinAGOTIInstructions.InstructionsFNFAgotiMODMobile,play,full_csv
3041e1742a1e30933e2a8f670230e1b4e4b2b6fa6423770d76634e63961a7af8,1,2021,train,train,com.aske.children,other,full_csv
308c6a81314fddf4d9ec92c5b50735aada8883b39ec68b59f620851f6b097d99,1,2021,train,train,com.jie.speed,other,full_csv
30ab1ac6c89d2364657a01c326815dbd8bf8b32211f36069f498b81943efeb29,1,2021,train,train,com.xpx365.projphoto,other,full_csv
31eacb2f18ae1f1a013704348b1c4d4a5222d0e7754e6c7e8489fed36379c5bc,1,2021,train,train,com.ht.esview,other,full_csv
31f5a0d3dfe5cbcd4229529840b6f6dfafe5a91202a4ae2f8c3842cf8085da42,1,2021,train,train,gr.erc.crqgr,play,full_csv
3293ea8d7195dba7eb8d04a9eadb104a517c14160da421afbbe20578ad712a21,1,2021,train,train,com.wSanFranciscoRealEstateforTrulia_8988911,play,full_csv
3304762514e2c730b5251b1a199f32befd8c3ffc8b22ba21c90c143b85bf3ef6,1,2021,train,train,com.chance.lexiangmengyin,other,full_csv
330730eefefef2c6696721fe0ade30a39b5debbe312a964446b366bad9dbf7ee,1,2021,train,train,com.niuhong.lupingdashi,other,full_csv
331800d5fdd90393ae9073fd7628ad944ef784dd6887dc54191a5204e6949191,1,2021,train,train,com.julun.lingmeng,other,full_csv
333973fdbb1206826bd7cb6a3402af1c020e53795f50ae6089cdd02d62c7d260,1,2021,train,train,com.jiaming.ko,play,full_csv
3339bbbf0a6b6de7b2b12c2c81203d0865d7c7ab52918d038c5add10d607c4f3,1,2021,train,train,com.artzhe,other,full_csv
33aba93162299409ca25ca5b81d52ea2fdb228444360ed88f62ad1e547534375,1,2021,train,train,com.babywhere.mathtalent,other,full_csv
33d120dcc1a3fa1db56eb61016d864055c5c5d27e8ffdc67a9aac74fb0447090,1,2021,train,train,com.beamdog.icewinddale,other,full_csv
33ed7c3f2b811d1086b6ea59e219af93b5dfec1c00ce5744d4b3494fa3ceae49,1,2021,train,train,com.lenzetech.oink,play,full_csv
3412c4ad7ee4b444c5c515083471d0869749507338f43ba3ffa35e06d4130334,1,2021,train,train,com.hbmcc.heshenghuo,other,full_csv
34614d779c56fe3e67504bded681026018c4897c71350e8422c37910c1d59a56,1,2021,train,train,com.sflep.itest,other,full_csv
3464c493e69ced17a0d0ecde89c26d986e8371ccfdb80dcbdcecf5ce3b2c8aa4,1,2021,train,train,com.wImagetoCityscape_13695590,play,full_csv
34b52e0f8d58a6c3aba75325339c08cec80e6a746ff85bbb624b055bf0871ed1,1,2021,train,train,com.toycloud.watch2.Iflytek,other,full_csv
3573973e5dd4b097b9458d4784fc7b2312908de5fcf504950e19902b64b4d4b0,1,2021,train,train,com.nwoolf.xy.p331,other,full_csv
360e52abb9866b02136305c8dc6c433c37f9f0bc351696a69930e5ce575da91d,1,2021,train,train,com.sing.client,other,full_csv
37444ed21d027ceb037176ef44b52a879c1c32ba5383f7fe3dfa1f2d99878411,1,2021,train,train,com.wxnm.neimengtv,other,full_csv
37b379d6d3c9d4e76d30bc2b9ca6eb6a71924f60c12cca04777e40b607f94c65,1,2021,train,train,net.xuele.xuelejz,other,full_csv
37b9f96717be2c6e9d394f428fd55d9dbd21b36f91bc3268aeead1cb467903a4,1,2021,train,train,com.geno.android.brainagetest01,other,full_csv
38389b75f60a6e9beed95c03417f4cc5c0e46a7eaf9a22d7024694f25358bd30,1,2021,train,train,com.doutugongchang.app,other,full_csv
3844fc51a422a4805b962042b1291094cf57073f502b9c14b16b5c212571d69b,1,2021,train,train,com.neusoft.app.beijingdaily.phone,other,full_csv
38c9e73cd4e39c040703137d9c984331cac65712cec42adc1d396f8dcf9a57d3,1,2021,train,train,com.julangling.xsgjz,other,full_csv
38d2b9441877212bfeb1a830db86f79249272ab84cf443469a1ca497f0c3ad5d,1,2021,train,train,org.ccppg.hongdaishu,other,full_csv
38d87fa286fceb945daa7546817ba6ec65f5ecd0d232f0e2f45e450956c7a726,1,2021,train,train,com.zhek1980,other,full_csv
39495713e9122144cc2f6221d65ecf164d2b7e7edbdcc7f010276d16938e97ea,1,2021,train,train,com.xiachufang,play,full_csv
3989f33f7982dbfc20867c13a36f88f5bac8d37e6b3e3213655d521260723ec8,1,2021,train,train,com.judian.yongfengloukaoyadian,other,full_csv
39ee4f2df3d231f96a933360ab7c8b87a3cad03268d4cc1a6ba5c3b90f745de1,1,2021,train,train,com.entertainmentriders.offroad.police.jeep.drive,other,full_csv
3a2f46b146e761fc876dd451b5f2056369f7aaf5b60f305470251968fe99f82a,1,2021,train,train,com.saohao.bao,other,full_csv
3aca6ac417f184c1e7ca4ccc278343992e13495ef4cada3bc8ba8ad4aca7882b,1,2021,train,train,com.haowenkj.multiconversation,other,full_csv
3b39f19e49203ec69200009850ab15b568d9d5c3176f708ec4b96ac4c37ef1d4,1,2021,train,train,com.szbqqbmfxs.xs,other,full_csv
3b8bf5fb3d22c1aaa942aa6695f1c81336638234467cbe6c71feae051caf4f65,1,2021,train,train,com.hudun.androidpdfchanger,other,full_csv
3bffbbd2e31d9e4a5f1356fa23d5c84a40257ee2562cee924a2c00644d05f82b,1,2021,train,train,com.color365.pettalker,other,full_csv
3c07e34f5f1b1b2b3e12ff29a7bcfbea1b1018c89242c84c5754203b391a95ee,1,2021,train,train,com.haoyayi.topden,other,full_csv
3c0ee5851c48ee7c4c9477e7bf8203bfb7ed50a493f8d173f90e468c00a67495,1,2021,train,train,com.Guessing.io.io,play,full_csv
3c36bba410aeee7f61d9b49fe5ae89c7b3b0a856157a2efa8ba5a0dba5fb6948,1,2021,train,train,com.tsci.cts,play,full_csv
3ccb11395683abc78985b8fc81969a80f1d9d998f27a7320176690d6127184a6,1,2021,train,train,com.bxkj.jdzj,other,full_csv
3ceb88f214ecbd5d0ecb099406268f1e37a6bd01ff86966990d7e90647e660eb,1,2021,train,train,com.hlkj.gnsmrz,other,full_csv
3d5bdb2a8153f36481c5e8f46c9d2a1de73ec86f2c7ae3876efca695718aee1e,1,2021,train,train,com.laoshi.count,other,full_csv
3db6b498d10c7b877a9da0217a3e94bee3098944f4c9ee40c100c71d8947bafc,1,2021,train,train,cn.koudai.rpg.kdxianzong,other,full_csv
3e53bece35b0f867b27ce79c2d1a91ae563c70bc046ed4a3593969f067246958,1,2021,train,train,tonglianipay.mpos,other,full_csv
3e5970b170d7b784ad30310cbe25429b69ea77433dd8e7a8b3d7309dca9bb2cc,1,2021,train,train,com.sdjictec.qdmetro,other,full_csv
3e95cb77363f22b78403f7fe46bd7972ff3552e4aff4b51331eb8d5c0bc24b66,1,2021,train,train,cn.igoplus.locker,other,full_csv
3ea44701ca104c160509a0d99736d8bc12586fdf10bc32c1db4ac71534afbc6f,1,2021,train,train,com.hzpd.zqzx,other,full_csv
3f3eaaedb204f29cc927caafe6711d3195f4e82922c6af4eead75b4514ee32f5,1,2021,train,train,com.sflep.iting,other,full_csv
400f06f5deec09639e45040d0bbc8172fac1b5609c3255e2666615e1c67c3398,1,2021,train,train,com.askdd.ddstudy,other,full_csv
4049af3658f212512b9a29bf8e723843b9ec25c0733a42a325bf0e369e296b04,1,2021,train,train,com.aresmob.translatorfotopro,play,full_csv
41070540f111caab60f3ec59c64e59b3ff19cf3ea0b93dfdbd6454da79ec3c91,1,2021,train,train,com.ehaier.shunguang,other,full_csv
4164d844633a6ea6272d9c9b4522482fb51f34ff377025d2c0b83d09d23c4dde,1,2021,train,train,com.mesjoy.mldz,other,full_csv
41a883e03d5540d840bdea5536d8329a94e8e82afb6370cf68b5202ceaef542f,1,2021,train,train,com.orange,other,full_csv
41df188bde8ac531cc1054f3976b028927b96e6f2b11471a11db882417bc5720,1,2021,train,train,com.newhouse917.www,other,full_csv
41e46e8dde7dc47a265d004f8a17ea875afed45c861ca12154c3cfaacc103241,1,2021,train,train,com.fanggeek.shikamaru,other,full_csv
426f5812933958efb8f52247a10e2ad97ad12892b738eb94d0614287b606b38c,1,2021,train,train,com.BXGZS.CrazyLicense,other,full_csv
428180f8f3e7444e30c3f8f8475207a8b427518708eb6a1f0555241b1616ccdd,1,2021,train,train,com.hjkj66.yjzf,other,full_csv
42898f2771c8e66a2be220250846bb3c2bdffdb650e3e3a276994f25a9257a0d,1,2021,train,train,com.qytt.tom.pkhjkg,other,full_csv
42a09f99ea112f17d587273251d73b0c96993f2435a320d102123784e84604d2,1,2021,train,train,com.pdftechnologies.pdfreaderpro,other,full_csv
42c423adcc763dde7a0f77bc3098e2456312c700226fda196c52e079386c54e8,1,2021,train,train,com.mirageengine.tv.xxtbdc,other,full_csv
42e2871a0631914a0c2d8a79a89f466270b6108e2af3294fe937657865bcbff1,1,2021,train,train,com.nightmareinthedark.arcade,play,full_csv
4332f2a85d32b700e65c31c0862a7c481e68c71bc2c2e475899402cf06c28a72,1,2021,train,train,com.lzt.zidian,other,full_csv
4393611c452757df5620a6b08a50dfa0348cb5c526f41e43594fdbe78164b9d3,1,2021,train,train,com.gosing.sweetchat,play,full_csv
4429c38c329b4cd4e954ad2fee8b6677375951b2a564c559f132c809b69b88dc,1,2021,train,train,com.tsci.bwg,play,full_csv
445bc72791bf615d105e70b68e4d4251e3bfcf626fbf157f86037ecc8ac9304e,1,2021,train,train,com.sinyee.babybus.recommendapp,other,full_csv
44a4da23ea943a7bc8968b5ff0a9e3a9998dbc2011bab5313ee7ae7235995e0f,1,2021,train,train,com.yhw.MyClientManager,other,full_csv
44be4be35efa09eb61ce8c8a33221ac521dfb6a83c1bc84bcf9256a0c8789330,1,2021,train,train,com.plan.kot32.tomatotime,other,full_csv
455cebe1930d3cd7368290e16891654bc739b5fc3168e2179765311ac3224e80,1,2021,train,train,cn.bluecrane.private_album,other,full_csv
458ddcd0d8eda9b3691a63cb06e0b4d4495ec53684962598a0924a41b221a2b3,1,2021,train,train,com.android.djlmapp,other,full_csv
45b90a6905c9b73140260246d361efc04d2a9351666f11474832e53971d66e3c,1,2021,train,train,com.elipbe.dict,other,full_csv
46bdaa5e3e99686acdcb463ec3795d511259ddafbb1bd1ff4338931f3a8d9321,1,2021,train,train,com.w_13751789,play,full_csv
4725e9fee0cb32816d32cb8a53e197f026b2097d1e0cc7a820dd8e1e18e2ee75,1,2021,train,train,com.lucky.luckyclient,other,full_csv
4767d091d347c06d570ce54f24b82c0929507a1dab17773fd09011d20f02102d,1,2021,train,train,com.wlucknowmarketonline_13787681,play,full_csv
47b4c22ec959ca2f130aa2115103e04af02c7431ee6eb518cc5d1cd8b753bbbf,1,2021,train,train,com.niuhong.lupingdashi,other,full_csv
47b965425ee24242049554cbd61576e7f5c21a515c8c45ba21a009d39ae25add,1,2021,train,train,com.quyu.uninstaller,other,full_csv
48186561e1ac3998d9d2e71ec1abd0522ba0e38406fe87e5fb58e0eedf670c54,1,2021,train,train,com.poooli.beautifulprinter,play,full_csv
483dddf2cd137caec1ad59ff4ba57494d10b2dbfd23d10fba0dd9ef9a30b7273,1,2021,train,train,com.qisi.youth,other,full_csv
490958ac47e1fcc66c7802398fd8ffea080bf45fb79ca531d0ea0f6ed128ef8b,1,2021,train,train,com.txunda.cropproduct,other,full_csv
4914ebc5bf13d44e8fe046ec713872db55f7a80146e60f1955969a66606dac56,1,2021,train,train,com.zgczw.jingxiaoshang,other,full_csv
497651eed03cbe856a0d1f124fd178c885a9cc42d56e32e4395475bade849179,1,2021,train,train,com.ffricheng.ffapp,other,full_csv
4a35d85d6f3dad4914acc80bdc5ec1945f3d8de82ed3546b4b4b9b4daff55ada,1,2021,train,train,com.kaiqi.xintianyou,other,full_csv
4bb6dd53edb656cf04f8e69acf62299404a3d3b78586bbd74513638300b412c3,1,2021,train,train,com.towords,other,full_csv
4bd7a2111a91d73667d6aded8cecf30eb37fa7ac36f03c7a0c3cd51ca0537bf9,1,2021,train,train,com.ujigu.tczhaojingkaoshi,other,full_csv
4be46f7edbf6d4e2c5670327441c5b8d64a912dbdc96c9d972fe97b76a65fa05,1,2021,train,train,com.boxuegu,other,full_csv
4be5b7ee910570c3776731853ccb351b10792ac83f6864d0c4342a7aba9f7b29,1,2021,train,train,com.weixikeji.secretshoot.google,play,full_csv
4cf957c770d495d336dea54df5a737ba5ed41848fb9c109d31be497fa99420bf,1,2021,train,train,com.qihoo.video,other,full_csv
4d564ece9d9f2c4cc6de5e35870190dd63854f9cb10d1d2396c5011ec598472e,1,2021,train,train,com.xingluo.gncolor,other,full_csv
4df730473ac8cffe7742a9aeff62204a4ffc41b12d6da31db72799a1a6534ddf,1,2021,train,train,com.mycp.videocompress,other,full_csv
4e07d369f1fadf5a3227c216877e7311b2a7f6e0ac587c722bfdaa33875a1aec,1,2021,train,train,com.linkstar.app.yxgjuser,other,full_csv
4e0d7021de743f744ab47c0d44295cfef0bbf68191339e407dd6888778ecfc22,1,2021,train,train,com.wSportsbettips_13435614,play,full_csv
4e59fdb27f102e416c35f399fb90d8079cee6b460612110b4817ec09671fc2cf,1,2021,train,train,com.zq.game,other,full_csv
4e79ab9d4c97f96b87b5f1374f841ccd531d54b4e557a61f9ba8d06d957800b4,1,2021,train,train,com.handset.gprinter,other,full_csv
4eb2a04f7c0d962498c1a125a9ca259e725d92392ca3d02f8b353f953f851ecf,1,2021,train,train,com.kun.flower,other,full_csv
4f3952240510c22a1cb1f35d4d9b19741aa4a20c55af6f0b924800c8ee47d2c8,1,2021,train,train,com.lomolsoft.language.learndanish,play,full_csv
4fb3a1ac8807edb25fa2fe6199547a209c0b17fe6f81a16cbdf377c82bac035e,1,2021,train,train,com.cxwx.girldiary,other,full_csv
4fc7c671787ae2b6b5fa86480665fa79b41b7e4c1e18bcbf3498a37c82ada8eb,1,2021,train,train,com.cashtoutiao,other,full_csv
4fefa5e1b4bc148f9cb841771bd7361f5762ec70fcc9f9470761b291c064a737,1,2021,train,train,com.whj.app.stavemaster,other,full_csv
50728fe530f4fee29a034ccb85a751984954842c6a63cf66fca8c6b417b2a72c,1,2021,train,train,com.baoruan.theme.nbcdodzbixcMYupPEDx,other,full_csv
518310ff3ee5a274312ccc3bcbc840c35f65ad4c5f790076e681ec7ddab25116,1,2021,train,train,com.lixiangdong.videocutter,other,full_csv
51a7d4cbbd37b86e74b327f8e1571423dd675503ea4b04ffb6323429a94ce074,1,2021,train,train,com.sports.tryjsjh,other,full_csv
51cdd11b5da387384d9dfba69728c243e9ba974ec14d65122a9e30946b4a0db7,1,2021,train,train,com.jxnews.wzjx,other,full_csv
51df6892be4c62db43c15a7f54b8f2b50fb8246ce3b3679a536e13c7a878a374,1,2021,train,train,com.yuanhuize.bbqm,other,full_csv
52160b4cd312048df3cbff9c41bee2d80c6bceeedeff666e0c3db5b755aa0ffb,1,2021,train,train,com.xyjizhang.jizhzq,other,full_csv
5224eae244090f6766d7a14cb0991dcdfcdb344d349f13e6dfa1ae18b17a8348,1,2021,train,train,com.samoukale.fastncleanlight,play,full_csv
522876eba9ddbf2ad4d9e47efd0943bdeaf1b54d0403022ad32ffa0781777dcd,1,2021,train,train,com.bcb.carmaster,other,full_csv
532151700efac81843410ee03488688878ee1e55c293bd50a390f9510c529fb3,1,2021,train,train,me.sui.arizona,other,full_csv
53b588a40ad8eed54641f4b929dfc1c874e3015712032aae71be58cd01f7cae3,1,2021,train,train,com.wAEPSSERVICES_12189381,play,full_csv
53d5bef0098612efe631a3d276996db2fcc620c4c5cf3d12588f78c23eef8340,1,2021,train,train,com.adam.chat,play,full_csv
542a2be043c2fa1ac41f265764f26525af2ece1fe864f9baaaf4237ca3cf89ba,1,2021,train,train,com.baoruan.theme.lccaofcffvkJTlyUCuU,other,full_csv
543c3bb3544db209576e218f361f5fb05c4ebc15b6d255846071288ab832a39a,1,2021,train,train,com.dachengfanglue.android.dcfl,other,full_csv
5515b2af376762c3ac3b2d84ee59e4f8eae9775bc909b9256cb2a88b5d6668cc,1,2021,train,train,com.lomolsoft.language.learnportuguese,play,full_csv
554259cc71e3811d2657742507ba3f4a8d3fb658d5eccbe95182da33f7fbc22c,1,2021,train,train,com.bruce.english,other,full_csv
5572e858bdfb64a4dbcba6f5c55052745137403a7821bb52bbb8828086c826c1,1,2021,train,train,com.shoujiduoduo.dj,play,full_csv
5582be48a203c767d52fae546e50d72e8b8ddaccf2440ade4d0b40c52f7b3070,1,2021,train,train,com.yu.ouyang,play,full_csv
558f49849ea174efb1d97bfe96bee67b8b2adb3f1c9d49c22dcd4c2042e89187,1,2021,train,train,com.emao.taochemao,other,full_csv
564d2dcc6547a184f17cf7eb50b42ca4d276e433b0fa6cb485b61e3e57351354,1,2021,train,train,cn.yaomaitong.app,other,full_csv
56b18e60cadf47ae5e51ad49df1ea6197791e0008e7de2246451132155dbf9eb,1,2021,train,train,com.askdd.ddstudy,other,full_csv
56fc472a787e37bbb9f317fb11d3992623939dab8334be8cf62a581a54fef315,1,2021,train,train,gov.zwfw.samr.djzc,other,full_csv
57ccfbb41d4ecf87d659308592d784d5d5d7eefbf9e9e4860ed1d376f8dd890b,1,2021,train,train,net.untrip.app.kmdcd,other,full_csv
583c4af727f2fa58900e6f1b94e1789d763c2d3d223f51b9a09081f384e1da30,1,2021,train,train,com.cn.fiveonefive.gphq,other,full_csv
591b5f1da37c351f60f7ec2f11b38f00829a5e1678a0c3ec1e1f07fa27aad241,1,2021,train,train,com.reader.tiexuereader,other,full_csv
59c170d669ff43f17c089a18f7a6de1220c3dc24b6be0d8ce608ed841191268b,1,2021,train,train,yuxing.renrenbus.user.com,other,full_csv
59f6c18d636975d1fc037af41f6177975a4129d32ed541df8673afa90126ae3d,1,2021,train,train,com.nxin.zlw,other,full_csv
59fcacd508b962c82e0c5c43e6d47698dfbc48209405ff1fe3df548875e83ea7,1,2021,train,train,com.yunti.kdzsb,other,full_csv
5a2b3a9e34a8599127d9e2b7c6a5d0f5ad8514f1c223c3ade68a810dd733aa38,1,2021,train,train,com.happy.box.kitchen.cooking.feve,play,full_csv
5a57076d1c25b5e0e8be4af8f0f240eb29120cfa1d4fbcbfe4c9365ecb883304,1,2021,train,train,com.topgether.sixfoot,other,full_csv
5abaef41b52199456f63f63d2b2f7a6da977d176c2e96190030edf87f3323bf7,1,2021,train,train,com.mirageengine.tv.bbyw,other,full_csv
5b30d8ba006174535bc1651f969e7341d9e27aecf17a921f5c919f6b9051b8db,1,2021,train,train,com.face.read.app.camera,play,full_csv
5be31756eee7bb63eaf122294a1c7caf87a8c05a1a13f7e5d6f4c156ed67104f,1,2021,train,train,com.xiaoyu.baijiatoutiao,other,full_csv
5cf03a10aaad31f7d24799ee62e567882d59a26ffdb00ffe6917a754b398de59,1,2021,train,train,com.zsah.activity,other,full_csv
5d800496e2dadefbb7734b1b2ca0ab6e7c3225e2f413f335f7688d1a1f491658,1,2021,train,train,com.kkycs.mydecision,other,full_csv
5df5a2cb1f6f8b980d54dbe5de82c7290efae8925a7c37d02faf36d59a4e3f1a,1,2021,train,train,com.lomolsoft.language.learnlatvian,play,full_csv
5e13db0324ff5f7a30ddb42032fcccc626f1d09f8e4cdebf778096163ed3d0fb,1,2021,train,train,com.greatstock,other,full_csv
5e6ea72ca01006304d18e0a04bd3dec2b939a32bd09ec3cc1fcd3923c4c1b554,1,2021,train,train,com.hdt.knowledgef,play,full_csv
5ed47ec86452b89641c6969523d4948a507032ca83ea4f5c19ca0dd9b6c6f6d4,1,2021,train,train,com.huangyou.jiamitem,other,full_csv
5ed4b870580be89c79151cac7692d5ec2b28caedf0338a6ff69f80bbd2cb704d,1,2021,train,train,com.rucdm.onescholar,other,full_csv
5ef60d72d4950c87d313ddf64e8b2df6f71d3840a2cd627ca8353b46a8578f27,1,2021,train,train,com.xiachufang,other,full_csv
5f0512619d9a8ae6805d41f7dcaec501a601ebc761d9d50b030d9f1550299777,1,2021,train,train,cn.shredjz.audioconvertor,other,full_csv
5f70f70c82cd7a118d885a06103c97ffead1c842bebea2e052a2ddce8128446b,1,2021,train,train,com.vson.lexie,other,full_csv
5f792a3dfbc9b2eacc8786f6f1869cd1d57c5d13ed4fcafbcd33517397bb0051,1,2021,train,train,com.zybd.zdcpzydq,other,full_csv
5fa4994582c90e2d4fcc0168a04386f0566990d7094b4765eb9f3c5625d384f0,1,2021,train,train,com.cdd.cddmall,other,full_csv
5ff88a95b766cce42614d078d769677b117410ea037733b2a7b02ad6735d9139,1,2021,train,train,com.tan8.ukulele,other,full_csv
600be08679fc9051966af3ff03d39ebd786a802ec04ecc82d8fac75a42d2d256,1,2021,train,train,com.yetu.appliction,other,full_csv
6085227e9a69b11934028c5693a7564cc3acbc254e0335dd7230a4e6d3ffd4cf,1,2021,train,train,com.xymens.app,other,full_csv
60ef52404f4de7cad93cdcc7ef461cc95be92937498e0c8c18a2390286a36833,1,2021,train,train,com.cheji51.yx,other,full_csv
61c3e8d7e975f57396144516e053a9fd11738ac6e7cc7db1d148df3cb351ec45,1,2021,train,train,com.iyuba.talkshow.childenglish,other,full_csv
623dec266a18f231f6f345073c8993849d8f307f131829aaae470e4cb6f166a0,1,2021,train,train,nova.priv.hand.easypluto,other,full_csv
624e2a30514bfab7b5b64483c48dce7516b50372502d879ee8794e7b6a08ab6c,1,2021,train,train,com.lswuyou.chymistmaster,other,full_csv
62db72d6c851fe6fc2b07a0791abe6096f89289a90b9912dc314038db122c6d9,1,2021,train,train,com.smart.tracker.motus_tracker,play,full_csv
637019aa507b96ef7536e7b4ec93cddb893dc08f5ebbe7025c8ea43d949a0e3c,1,2021,train,train,com.ichoice.wmxuzhou,other,full_csv
63c37e23287873a66c92d31fb117d22047b31c2987a6116cf6ef146e27dc57f4,1,2021,train,train,com.topnews.province,other,full_csv
6457f8cbd39f0c276b4af13b5857dde493a54de08d45da6e14d48a474996fc2f,1,2021,train,train,jp.co.capcom.palmcn,other,full_csv
647b97e96838f7bb521500f616498bd55ffdbb4d615deb85cab7d37544f21782,1,2021,train,train,com.qyhc.android.zonghe,play,full_csv
6481f6fe8fd6f644ccdf12b6ceae842f5584e3662dda8b8df8f6955a078a8935,1,2021,train,train,com.tima.android.afmpn,other,full_csv
6500a9ac1734864980a7347436df8bb65c8cb6c79f52deea5d236f269bdc81fa,1,2021,train,train,com.cyrust.fftools,play,full_csv
655ec098ec95ddaef8fa970bf7acb962ec7e8fcf518d85782e00ec85ddf5a5a9,1,2021,train,train,com.gamingapp.waterphysicssimulation,other,full_csv
6584838afc91274579cd74ce4d6a9520d250a7890ff3530af0815e41dfec4aa9,1,2021,train,train,lexue.mryyyd,other,full_csv
65bbbd44fb6f1834f5f395a3f63e58e298a156a9f3eeae32d41a2a1f58cc8165,1,2021,train,train,com.cootek.smartdialer,other,full_csv
65c60628415f2aab18ef9b8aaf61b790acc8ced6e1c8c46700bf987b8df815ce,1,2021,train,train,com.ihuman.tongdian,other,full_csv
65c71fffbe8c37e866fee19e2c87a7505a4106748efdb00b1bd0a31553eff887,1,2021,train,train,com.FunkinandFridayNightBobModWalkthrough.WalkthroughFNFBobMod,play,full_csv
65deaa69d7f7507901dd07b91d01ff6a27625b1182f4cc56da84b7a57e93588e,1,2021,train,train,com.moying.browserplus,other,full_csv
66ee8f6dd7ab7076dcfb9749258c94eae33ed8eecd32c3f029d0b1d5b99e2c83,1,2021,train,train,com.chasing.ifdory,play,full_csv
674dc82d6ab0d0bc61ad47fd6c37878ba7aec11d3e74ba297d6013e47e80cf12,1,2021,train,train,com.newjopgte.watop.yyh,other,full_csv
6775d1c6a146070349b412a8f5f1d6198e6a471a5d5e03cef380946ec53ba701,1,2021,train,train,com.neosantara.alfahijab,play,full_csv
677bc8e4f9915d71d55182c28876f39a323fd1c9e0dda33f3ce0a5a351bd5d94,1,2021,train,train,com.taoke.study,other,full_csv
67eeaaa0ecf6eed72bc6fb886b9ca74cb9afb86882173642ac4301ba7af70d7c,1,2021,train,train,com.ww2019_9167137,play,full_csv
680db21359c335cb3267fea3e733a8bd4dff840a2b6a550878e6a5e7f470006c,1,2021,train,train,com.wMedslifePharma_12842700,play,full_csv
687a85817c906df1cc2394ae5a79cbd2c1ca7e6f71a86937e6ca00bc3d2e32bb,1,2021,train,train,com.unirisesvpn.revy,play,full_csv
687fe0eecdaac0d0cf6f9540a389d7035228212ad3cc92683280c70bf885216a,1,2021,train,train,com.loongcheer.neverlate.wizardlegend.fightmaster,play,full_csv
68a7e4acb4e8fa4a3f16861a3ba6cfa071d143a2e299491dd1690967b4f82fb8,1,2021,train,train,com.aheading.news.zhenhairb,other,full_csv
68b0715d7f56e1f4c060696c459cd5b61b946e966911a668719624b435cdd174,1,2021,train,train,com.etl.jiaolianyuan.activity,other,full_csv
68e394a163704e859cf697854778b3bf142e4dc194ddcecb0c95ebd4524dc8e5,1,2021,train,train,com.virus.apps.cleaner,play,full_csv
692774e526e41c71f2d46b07b4fa924da8727ce6294323263166745b0de49dce,1,2021,train,train,com.fanlishengqianlianmengw,other,full_csv
6a24d70f50a9dfe96c89cee4d43f854438129cb1421e9ac0438f8121474981e2,1,2021,train,train,com.founder.bysypatientapp,other,full_csv
6a368d616ccf5656b0675e16b3132b040dc831b7b4b46ad2b3af9674f8bc5f36,1,2021,train,train,com.julyz.babyvegetables,play,full_csv
6a440f3ce4fa86b96c9d0e377e1b889a2f33a71805c87f22c02dadda814812d1,1,2021,train,train,cc.lianzainovel,other,full_csv
6a5482620593c1dcd2f059fa78a0ab2396da1c41359119a7962935f6964a8815,1,2021,train,train,com.photo.hairstyle,other,full_csv
6a923537fb6abe9a91dcdec9e1785ca865cfe327942482bc88eaae0cca8efe5a,1,2021,train,train,com.la.areu,play,full_csv
6b56d13ef043d8504fc8c428034ebb688a3cd623f8215f6aa1dd17c5d346a5f7,1,2021,train,train,com.svo.md5,other,full_csv
6b5d004871cfac9dac6fb1273783b890f8050cae38b60fd352b007bc792a4c20,1,2021,train,train,com.yek.android.yemaijiu,other,full_csv
6ba530907920c825205a0beb4a68d889f2565fcdef6d87e9f88aa1e6732eee16,1,2021,train,train,com.jz.yihua.activity,other,full_csv
6bebc81ad2be9b9511af2f70ae00fc916afa24509fcd77ef2e8dbc1b8797b11c,1,2021,train,train,joinus.veryeast.com,other,full_csv
6c9d0bcc9a40d537aad4aa8b3de0504245b89064c13e6b41c011f21edc8b6b7d,1,2021,train,train,com.touchtv.xinyi,other,full_csv
6cb44c34e48f29aa191be9267e7dd34f2c7b17d74152dd15c061946b6a878b6c,1,2021,train,train,cn.txtqbmfyd.reader,other,full_csv
6d3a9ea45f5e39ad7ea8ddd55256fec6e21dd141e381230b9180ec47dcf40c1e,1,2021,train,train,com.wBlueandYellowMacawWallpapersHD_10763060,play,full_csv
6d3fd6739ed759c11ee473cf41af60e5b31b4749a4fe84775d130c2ae885d5d1,1,2021,train,train,com.gosing.sweetchat,play,full_csv
6d5558ad649c8904f134d21ac0e6a1aead71ef23ac167a57012316bcf8c37061,1,2021,train,train,net.rmvb.mp4.mkv.hd.videoplayer,play,full_csv
6d988c66b5938476810a4d28e6ec057535d523d15206720b0fb793d9097a1a89,1,2021,train,train,com.dmdfchina.view,other,full_csv
6db024dde46200b5084d0d6483edfbaababd4e7c9e68fdfbd3043fe8ba4cefc8,1,2021,train,train,com.wachieve11_14698841,play,full_csv
6dcaa6848413dc32da49d99049fa9cc1f3a11ccddacd6c32f7a3ff6dc1c88052,1,2021,train,train,com.example.asus.ten,other,full_csv
6df95c485f859587b736bbcf96595a2ad67d39deb4c1540cc21fe8bb526d6508,1,2021,train,train,com.gpcgames.qbertfree,other,full_csv
6e8c11c6155ad2c0fab6db504c49345b7ebf4d45668b0006d83c363e369c67fa,1,2021,train,train,com.yunti.kdzsb,other,full_csv
6f44b93225fce99ce91a90268c2f94428fb62e210d47008c70d2dec995e5d7a3,1,2021,train,train,com.rrc.renrenchong,other,full_csv
6f5392f7b2d88409bed62ba1ca1c90829f6319a7b62d673195ecfba402c4bf97,1,2021,train,train,com.xuesaieducation.zhengjuan,other,full_csv
6f607ef025565b2a52987309f6a7f451165e08e1007ef88143c1275f8734a863,1,2021,train,train,com.chilli.smartwatch,play,full_csv
6fc95df756427709dc57ce5b79bdca9ac94d5f313d34904128e0e15ead2447a5,1,2021,train,train,com.yaofangwang.mall,other,full_csv
6ffd8fd3233cbb67fb32f6acd5832fc8ad0eb39be32ed25f86f56a7aa6297d9c,1,2021,train,train,az.studio.gkztc,other,full_csv
70a595e9dedb72b4afacd755e0bc01951f214c695c454570e1846c40a7130006,1,2021,train,train,com.doding.dodgemcar,other,full_csv
70e0762cbca299958bdb588c52995c994fa7eda937ef8f56ac57bdc1bdfaa315,1,2021,train,train,com.front.pandaski,other,full_csv
70e7dd59969f7020346df7fa64c49018359f2cc3ad138ff82364e233936366f8,1,2021,train,train,com.mavo.slingfight,other,full_csv
7134513ced48e44b5fe27c61250b2bcc2c3deda242a4ab38651c51ab96e94f8b,1,2021,train,train,com.inmovation.newspaper,other,full_csv
7143bb9c69058be2b6957f12d5f88464a4290981a21e7f2bb49ee5a8b13e6458,1,2021,train,train,com.bsmz.app,other,full_csv
714feae549c2a20df8520112f2820b798542baa312f226c645bff40bda223dd3,1,2021,train,train,com.appbyme.app159001,other,full_csv
7156d7d15f9d177930d0562049790204b4a4674f1a53a377c05fd4e0ac309800,1,2021,train,train,com.abtalk.freecall,play,full_csv
716284aa641ff96a4ba18ebbfe6a2ac5362dd2d67bd52638857cbefe36c40417,1,2021,train,train,com.brief.trans.english,other,full_csv
718f392932a250026ebda0c05b2dc9b2416ae2b50a813f2cede698604f32a521,1,2021,train,train,com.cmcc.ln.zhcx,other,full_csv
728a01b7f62d7950642e396dc30c65c4bec3e278bf594af3dd7533129d5ccf58,1,2021,train,train,com.aldagames.warpolygon.ly,other,full_csv
73baed4e39dba7ad9d76a4c5b9f566e450a371fa7c9f22c77e8eae18d5df39ec,1,2021,train,train,net.tuoniu.animals,other,full_csv
747dbf1759e03add088b0069e1dab3d18afb9bbc14670889419bb10a5109df11,1,2021,train,train,com.tf.adminmotorcycleall,play,full_csv
74b11bab9302984e92a962c96e413722d161b7f687788dd1c46bb7e82b32c68e,1,2021,train,train,com.quielts.lefei.android,other,full_csv
74b26d75ac4e7491c4b40aa924a693b9fd1c20578fc3a3ca0a3255ba426d0d93,1,2021,train,train,com.ting.mp3.android,other,full_csv
754d0870dcebe7a8f62efdcace5657b83061818ce40888aa19cfbf5c14c85538,1,2021,train,train,rgp.wn3i.k2ke.xxun.lfgb,play,full_csv
7655f85e79e4327bbeaccbb6753e2c895ef135da1e05e5ff99a81fe7c656263e,1,2021,train,train,com.funny.easynote,play,full_csv
7692becd6f217091baf20502e261b18a7fb7a6a4bb5f7b9e1c52e50d1b8381c9,1,2021,train,train,com.wonlineandrew_13285876,play,full_csv
77592bba0ce27a4d4d30d371da949599151d13352393823ec51b5718e521a740,1,2021,train,train,com.NEW.sph,other,full_csv
7798eae1cf2683970cb445cc75f569d32294e3f8c4b1b8723943aefa1aca1244,1,2021,train,train,com.smartald,other,full_csv
77aef5f1c92008bec0cfd8b1ee49919c681ceebc358df84ee03c29745712ddf4,1,2021,train,train,com.beisen.recruit,other,full_csv
77df2790ba47da3247d5bba86fefde34ab9fa6b00fc1cfaf16712ad0fea0fd18,1,2021,train,train,com.mandongkeji.comiclover,other,full_csv
7810f1c6ea68f65da31f3fac56ba351e4f0f420523b39145f45831bcb1bee764,1,2021,train,train,com.facishare.fs,other,full_csv
783017a123fa642f29d672b83be40dda461ca6eec143b0d6e5b7fb65b14a8cba,1,2021,train,train,com.cdzg.declare,other,full_csv
787720672b8ff2ac5e03fd1b9973cc7006d9e3524401452288df2993d8de65f0,1,2021,train,train,com.yfjk.vip,other,full_csv
79052a62af3fe42e01c1419204a6fda5ad37592c9b673b3e66f80ea6c33c1a35,1,2021,train,train,com.sdo.qihang.wenbo,other,full_csv
794061612e64b61218028980a20e0006387d0ad7f05663bfa1b1cd9842265c23,1,2021,train,train,com.tsci.rfr,play,full_csv
798ccff7c6e93aafebd8e4ae8c6ddae4d82624b2660f6f65ca340661eeb313a6,1,2021,train,train,com.zhangyutv.sns,other,full_csv
7a1c9a88e621eaccf8f575cc634a897f9a3f591461070c7908ac25f7228888d0,1,2021,train,train,com.heyvonia.app,play,full_csv
7a1ef4250c89f505d09304e7dd6d1c571557f12d0b4aafbb6b35dd7342308765,1,2021,train,train,com.wLudoWithFriends_13594796,play,full_csv
7a6db1af1df0c28a0743a0cad813b66ac6479ee3d2ad4ba430eb934d9a8ae2fa,1,2021,train,train,com.bxsoft.mastercleanpro,other,full_csv
7b7ceb0e93fe9a465eecb81a8f830ec8144668829c915b3f43d763e733c2e201,1,2021,train,train,com.lomolsoft.language.learnnorwegian,play,full_csv
7ba6a920f5c18483ce0116af192dc3582ae3199a9f0c51c6e774d4aacdf155d2,1,2021,train,train,com.runbey.ybjkwyc,other,full_csv
7bcdb5d2d14405755baaf4a94566b335e37f6fbabeae5c4d4f09a393d040687c,1,2021,train,train,com.dripop.dripopcircle,other,full_csv
7c1182860bbcad77ab938a70d27fdca65d2c265bc11c949f1dfdaaa5de1ea359,1,2021,train,train,com.qiyang.yueyu,other,full_csv
7c7b30099c94e7d7986699a0908d1b0a91ef401e718a7c32c8e9b254494fa1fb,1,2021,train,train,com.examw.main.ch,other,full_csv
7c9a9d37628585dcb11dcbc0592914bbcc6a6c8b8c661dc597ff2ee3ebb94bcc,1,2021,train,train,com.meiyou.sheep,other,full_csv
7d71637013b0a7b3fe882c4d818b7dddc8ec68960a05c397829fd1b4e9858f73,1,2021,train,train,com.epsx.psxone,play,full_csv
7daefabc551bb0ee1e5b434ece20ecf7cdd6ff27cdaae8e28ac4dbaf074d2a4a,1,2021,train,train,com.hourglass.reshaper,play,full_csv
7ddfd28a8af5bcdd7807d635e7e07368f92392306d2bedfd202604804a00d637,1,2021,train,train,com.sinyee.babybus.talk2kiki,other,full_csv
7dfe8b0797451e15b64b92b2f1d4e7d35cad3f75cef6f15c87c8e1df8ee4c6b8,1,2021,train,train,ai.zuoye.app,other,full_csv
7e53826c7b1223e997bf9a92a57c1ab1a56589e6c957dc932b16d6766abc39a3,1,2021,train,train,com.solidgames.stickRobotcraftplayground,other,full_csv
7e878eb8a541b4355cac13e54a471ea109dab9b942dda820b67e54bedb648ad1,1,2021,train,train,com.qihoo.loan,other,full_csv
7e9a8491022d754e62fae416b997033778e72169483f18ec8246bc79982211d5,1,2021,train,train,com.iecez.ecez,other,full_csv
7ea1a02ead0572f34859be992456be598a8be7cde87ae2f6224360ba91db8533,1,2021,train,train,com.ushaqi.shiyuankanshu,other,full_csv
7ea6080c1b5b70253fe2589c2a2774b0996131c51fd5e4c92ebc09d73c776dd9,1,2021,train,train,rs.marketonline.android,play,full_csv
7f52d4414b3eb2bfd784ced837f1c79f33132721a02879875178612b37a098c3,1,2021,train,train,com.arvato.sephora.app,other,full_csv
7f88512f74fe16128cb13352c4178a7905e07b4a3665c0950c9a90eafda058d5,1,2021,train,train,com.zoqin.bseek,play,full_csv
7fdaa8fdcfcc6ce445f670e5a7452e422ed73fa0ae1ba8e051f0c8aff42464ce,1,2021,train,train,com.gold.health.treatment,other,full_csv
8062b8b0b5fd4a74f1188183b34f700d1d7238cb5709dda1e083fcf886df51c7,1,2021,train,train,com.mydt.dtgas,other,full_csv
810d16c80028f6a296ef42aa8d4b1e904cd6d08d4120f6a8ee388cde0bae8a08,1,2021,train,train,com.xhl.dadukou,other,full_csv
82166cb632431e9b4513a052dbc9b8969887d8c960d1d82c373797c7e75dd41d,1,2021,train,train,com.xhl.tongliang,other,full_csv
82a35555e7b3dcc0d20bdea53bb8336a5999af70eef31af47eaa21d7449421fc,1,2021,train,train,com.easysay.french,other,full_csv
82aeaf4b7192992c00cdc824899c8b629c06c11175eb2a23707702de2afc6042,1,2021,train,train,com.chance.dingdangtongcheng,other,full_csv
82e15e63191a77ca56ef5f59d805321a1ebd342b709822934899604c98785319,1,2021,train,train,com.redteamobile.domestic.redteago,other,full_csv
836ff294c82683e45cf39358e76bb2a00bed6b3699cc8372a3caed2b30352803,1,2021,train,train,com.wMemoCatcher_7655484,other,full_csv
8377d66eb8436d3f8831e05ac790d9fb271da1664ab453666e37514ebe6819c7,1,2021,train,train,com.thetruck.eurosimulator,other,full_csv
843638b16f84c509c6cfbc5af2a3814eef0f675070f9555b9c4b44a193cc1fb9,1,2021,train,train,com.cem.leyubaby,other,full_csv
84cdf10ee4cabe9226d8df9ceea57fcc5da9704309b28892ef70442c9c8ae33c,1,2021,train,train,com.efounder.screenshot,other,full_csv
84e4dfa32507ef4bc1e2ed5e29b28335dca263c74410a416bcff7204b9dc2a2c,1,2021,train,train,com.yiyou.thai,other,full_csv
84f118e39aad7791a1fb05a69c42d7f1ed2821f6f967906adc04ce66d56a6135,1,2021,train,train,com.runbey.jktt,other,full_csv
85362927bf46239a1a3ae64cf0f6a1e5d3f7541459cdd0ce9faf74095cb9e0f3,1,2021,train,train,com.wIrishTheoryTestOnlinemockexam_13773177,play,full_csv
85b4d16ab85dfca00532e2d4e2f9e2eb91f6a007d6ebf989497613ee43ad59f5,1,2021,train,train,com.ch.youfsscooter,play,full_csv
869f06108d70aea43e98aefd294d8675680425d162d98770c3228ddb3e509ed8,1,2021,train,train,com.cj.yun.wuhan,other,full_csv
86cbb3f473bb3888b1f0b6a32147d8a2998296a8821a20cb6136aa4559f4cedf,1,2021,train,train,com.ycsoft.android.kone,other,full_csv
86d9370cccf1384b1ec5af30e4a87c20751ad6ecc4e0724933753160777015d5,1,2021,train,train,com.saisi.ssjy,other,full_csv
8705ae753c1755303a790b933ecf0880fe074451b469f684769ab0673077a31f,1,2021,train,train,com.zszb.activity,other,full_csv
871b891682b286800118edcda62c98638001d968a643a50cf848f48aa9a54f52,1,2021,train,train,com.student.readbook,other,full_csv
87982d46ecff887af3f4adcc0389e8628a9dc8478dab2a904660e253d2e92f40,1,2021,train,train,com.wColourblaster_14045249,play,full_csv
880d590a1f68222d2983308fdcddb3969144c961fd8170332cfbebbe615de8d9,1,2021,train,train,com.dawenming.chuantushizi,play,full_csv
88acb046bfd009d3e03f7da22d344a0eb0b3321dc8869807e7985aaed2f80e5c,1,2021,train,train,com.caing.news,other,full_csv
88cd563bb24fc703f9b9bdf602e89a4317b2305ef7cbd12a9c55f6487a8e6898,1,2021,train,train,com.test.hunankaohe,other,full_csv
890ce4d449cca37f7a31fff70aeb2c67e684f5719407bbb6f22129cf9923d5cf,1,2021,train,train,com.lomolsoft.language.learngreek,play,full_csv
8963e50a5aa930c880d8815232c543678545cc057e6eb7546fc06123f7a75096,1,2021,train,train,com.kflchbht.brmarpzt.hlopjvmy,other,full_csv
8988eb61495ab25a68d4f4c7f261c0c36e6e20bc19466ef8e141d02a33c45b6b,1,2021,train,train,com.cmx.wuliu.ph.driver,other,full_csv
89d691dc76bbdcd21744d7ac655381e190828a53b094c7b35b208b6fcaf4b3c4,1,2021,train,train,com.xiangha,other,full_csv
89f5b09496a138d54bbc8ff4b5984eb03b599525b5514f476ee3be5aeff693b1,1,2021,train,train,com.yaoyu.youyang,other,full_csv
8a3a659d051b3fc6e6b3be87db36289e764d8a9a9e207676aba0041cb9481fbb,1,2021,train,train,com.huion.inkpaint,play,full_csv
8aab25dad27b6ac1f34d122ba7c63101625b091e072aab63cc3f67da24f57ec2,1,2021,train,train,com.spvd.rencounter_new.st,other,full_csv
8abc6116145144a52e898d4dcf1d6842ff189b0f14f1c33ea595554dfb7e1853,1,2021,train,train,com.ebc.gzszb,other,full_csv
8ad73974c4a7e69f7810e44399e52520d59e718c9ffcb608e0b28e7df5131727,1,2021,train,train,com.youhua.yuehuiba,other,full_csv
8b5fdda452212afadaf5d4d09e254aedbc4e000166a422d50a6c3e21d1416123,1,2021,train,train,com.greentree.android,other,full_csv
8b623d8df76f2585bace37bc2e00b3ce706b139e5bd7734ebca8e3d79d4b4b4c,1,2021,train,train,com.tonghao.lucky,other,full_csv
8be5072d083efef21c88c6f55f0db46d44bae855c38ecc980a5f9f5e17fffc03,1,2021,train,train,com.example.yl.apluscommunity,other,full_csv
8c6eb314e671b3bb3e88892d4b542f8244f8640af58cad0aba7c1477cbe81bf8,1,2021,train,train,com.wViralListMailer_13149237,play,full_csv
8c70ef84f82f828af825947ea8a571727f3b366689f2562fed59c5109864e596,1,2021,train,train,com.s3.s3martpartner,play,full_csv
8cecd5862564a8259203cfa4d920357def06372723a09ff3199c5eabc9cd5f85,1,2021,train,train,cc.quanbennovel,other,full_csv
8d0593e518d498c24e624f75868e188cbd54ef8a2d838dc4dd58bb7efba45433,1,2021,train,train,com.esandroid.ui,other,full_csv
8d23984c9059d8e7d3db6fc2e7b023bd04ba76ac9ab2d76fcaa5d3931a1dcc44,1,2021,train,train,com.talent.testspeed,other,full_csv
8d5652a470fa2fc4ea244b4c9043a55d0e7b9a639a7d520089d9e692f8c14acf,1,2021,train,train,com.shishi.zhaobiao,other,full_csv
8d5e5f99c22a84b899ec7361965949b323f02c8e441001713250d1c78424872b,1,2021,train,train,com.kuowendianzi.qnsmsb,other,full_csv
8d9c71180c234e3a4b6321a8220234a1684bbee15c5dce6acb20dc9f52d9d3f3,1,2021,train,train,com.wLuvCiti_14014127,play,full_csv
8dbce0f244e45002b616066a0b830f31141f6046a66bdcc50aad18b54d57bbf3,1,2021,train,train,eng.sobaka.dikaya,play,full_csv
8e97db4c729e18903825ca85de9daa4683226cd1fc3ae89eaa4c3fb44f1d0df2,1,2021,train,train,com.cn.tricyclelib,play,full_csv
8ead7420fabe6b38e6ea05d91506fd5f25a88ec1bd363181f677656bfa7a1934,1,2021,train,train,com.affmatch.adultfriend,play,full_csv
8eb44091abd9991b1dc94d5c8b7c12b7ca33651a88139840badc1963447e1d44,1,2021,train,train,com.xiachufang,play,full_csv
8ed00ddc4fc083d8a196305b733c9c634da4beb7ec2f084eb39e947d614d43da,1,2021,train,train,com.huazx.hpy,other,full_csv
8f227afd6620e40feb42c305343dad977aed847d060f6cc27922bd901a3d66d1,1,2021,train,train,com.msyc.onion,other,full_csv
8f4b7bece5dedf9ad65da2ab4828de29473639d9819ba2c88650d0f2ca9ec49b,1,2021,train,train,com.lezhi.WeddingSpaSalon.egame,other,full_csv
8fa2e393e8bcaa283bcf7174dcf2846019c10f76cd91941b36ecc9b6b6650a4f,1,2021,train,train,com.lomolsoft.language.learnestonian,play,full_csv
8fc39c9577719b925964b1ff0a45f43fbedce55dfcb10d1cb2074f8ba0c1210a,1,2021,train,train,com.biemore.android.mathadventure.aiyouxi.egame,other,full_csv
9039064ee40f2f060d6e1556ae9d0010e865e4542293f4cad6b61bde85fbc2c9,1,2021,train,train,com.shoujiduoduo.dj,other,full_csv
90bd5425cd0dc15970b8569fcb0b40622f31c00ccb6c992620824a292909c087,1,2021,train,train,com.xinxiu.meitu,other,full_csv
90f7e4a9c5188fe9e6933884d3921beb0b6573a031dc76553b49641c12496682,1,2021,train,train,com.lylm.wss,other,full_csv
9102c99559056d2439be6ea6bc35ce0b86a66f5add86ca597f8a34b0adc65a34,1,2021,train,train,icelamp.QiuqianGY,other,full_csv
911853688b5147df5bc81fab219995377b3bab5d8b32f11c8cca0c9ee1ae7d90,1,2021,train,train,com.xiangqi.gzchinese,other,full_csv
915ed38abfcc50fbbe784d6a2ced12d3ebbbac37a26286a38a11d81515edf010,1,2021,train,train,com.hxyd.kmgjj,other,full_csv
91a61d9cf008817afb6c701369ae6c795d36bdbe243f572a09e225a75ea27eb4,1,2021,train,train,com.baoruan.theme.nbbzifhazRoGOpZobaV,other,full_csv
92ed72a6739738be82c849be5616d0a453184abdf59fadb8aea9f8f523c55581,1,2021,train,train,com.showstartfans.activity,other,full_csv
93c13b388eddec53430f8e7ba1e2b445125af29d49ede6997464877ea2c5adc8,1,2021,train,train,com.epro.g3.yuanyi.doctor,other,full_csv
9475ffc9682807c3cc49acfcb83852dfdea04ecbae6451df8b4bc6a6f4eea361,1,2021,train,train,cn.eastnews.toutiao,other,full_csv
947704063ff4da4df5ec0ad1884c95950b0b2610583b44396b9d793bbce9abcd,1,2021,train,train,cn.bmkp.app,other,full_csv
94be321ed380a60c29a3889d2d6fb89aa4a79cd9468f57ffcea420df525414c2,1,2021,train,train,com.sdl.qingfen,other,full_csv
94c2d2dcfe5d72d778c3ae01c87752b07ee68c4f7ddb1358e4ce07d4d040b6a3,1,2021,train,train,cn.mama.activity,other,full_csv
95691bb84b35a06f59db58ba6c82d71b33a86c4665d417cc46f0d1baf9a9b9da,1,2021,train,train,com.android.mobile.diandaoplus,other,full_csv
9570404cd415f1a632e007d376b95bf7d1e82111468cbb189411d910a90716cc,1,2021,train,train,com.ikaoshi.english.cet6w,other,full_csv
95a3afe2d23ff13855eff7f9fa77b08b6daf838088b3617d8a89b2a4b446abd2,1,2021,train,train,com.winbaoxian.wybx,other,full_csv
95d057cc8bf66c22020fe2fc94b98d3697888b04a4e2ee6af12f6fe25b0464b9,1,2021,train,train,cn.eastnews.toutiao,other,full_csv
96773df40f856c23c433f365e333146319d598dfa0379d159f72376cc70b6c19,1,2021,train,train,com.founder.zhangshangyichun,other,full_csv
9698d68b5ef2156552185189a313ffccae023ef0a10cbf2456b3662d537a3af8,1,2021,train,train,com.lomolsoft.language.learnromanian,play,full_csv
96f16c0ac5134c6b85e62ce270a32cde21e9d2e9f1b7d1dcb778a2634da5ef0b,1,2021,train,train,com.zoneyet.gagahi,play,full_csv
97459f0bb7b782135c614f326bf381c24c8894625b3e3eb3616b435b14a088bc,1,2021,train,train,com.dayingjia.stock.activity,other,full_csv
9821cb41ed1f7fe9fb042c9a61d5ecbe63ec512c1414585ea822ea9974534008,1,2021,train,train,com.rrc.renrenchong,other,full_csv
9827120342e890ee28165992fab51b6336066e4f973a9dd8a6884b8529533bb2,1,2021,train,train,com.kunpeng.babyting,other,full_csv
99238f691f7847b5a76d66bcc77203641f7f5754157f5719f5a6be48686b44dd,1,2021,train,train,com.baoruan.theme.ncbaobcbeEiASSZriHc,other,full_csv
994e9c019b88b7baf21b0b8eab2edad184189d2fc4b8281193fcf5fd05678a54,1,2021,train,train,com.sinyee.babybus.puzzle,other,full_csv
9a148ec9669c3ecb897e7475af5c5a22a28103242589decd03068f05a09bde22,1,2021,train,train,com.chunyuqiufeng.gaozhongapp,other,full_csv
9a86a4651ef26d217bc25f5484426c5b5e8acbd95642f308ffac735283bbccd9,1,2021,train,train,com.freevpn.vpnsecurity.privacy,play,full_csv
9ad3a816c22ccb18479a7ec37db43ea78aa996c9cfb195b85cd6c3ebcc94e33a,1,2021,train,train,com.cdd.cddmall,other,full_csv
9b67543993002768f8fb3b80268c1eb4ba12c6951ff5ca8e552515c846397a0b,1,2021,train,train,com.qianyan2.ting.fr,play,full_csv
9c1956ef934824f102a05a2f925e96805dcbe0a1cc41b264b8c755c4ec2eba86,1,2021,train,train,com.he.joint,other,full_csv
9c6601d158b66d922e6df355052dd4042f533f746cca04891e4bbd5583eafa9f,1,2021,train,train,com.lifel.photo,other,full_csv
9c83c509e2e476c7ece241e3cc0de70196d315bb2ecaf68c717972d748c965ae,1,2021,train,train,com.imayi.trainbuilderfreebioh,other,full_csv
9d32e1fed87fde789f9399fb41f94d9c5a0c0a44f97c071849a9f25bf4cdcb7c,1,2021,train,train,com.jiandan.mobilelesson,other,full_csv
9dd1b197f0b14760eb0ae5cc71c0dd1ef746621cd436e7517d834af4957ce99c,1,2021,train,train,com.focuslearn,other,full_csv
9e1aa46c49b79bc2380ae7b5bf13c29bc52b5ac683180d2b030d951e7c1e7751,1,2021,train,train,com.hanweb.ganfutong,other,full_csv
9e32af9a75ad58c71d6905ebeca9f791f8ba06efd423ea319da110d19731f81b,1,2021,train,train,cn.net.manzuo.app,other,full_csv
9e8528d40a525018ed0a36171e452fc3d7d901c8bd324971a6a99e25003bc3d5,1,2021,train,train,doctorjob.com.cn,other,full_csv
9e91c5d8f75aea7953e862d5e44869f1045304dee57f6b1d241d113f8c79552c,1,2021,train,train,plus.H52AFC17A,other,full_csv
9ea90e7c5c9ff5c8ba6079fa2b53597e00a4a57dfeb66c9930d6ba207cb74349,1,2021,train,train,com.honghesoft.travelenglish,other,full_csv
9ebe2dee4d4ed3437dd3fddd164dbd4378b38e2126ee0c604514fe88f66db2a7,1,2021,train,train,com.kapaoo.android.dino_bubble_2_offline,other,full_csv
9ec337537e4ae87b0f79a3762d4aabfbf47bab499df40e5e31dacc21c47d1009,1,2021,train,train,com.tuwan.yw,other,full_csv
9f5c1161ca23a6c792ce98fa861a500ef7e298bf7dda4482e59d47c93f4ee1ab,1,2021,train,train,cn.vko.ring,other,full_csv
9fc324409ccadce2e66dc23e952aed417e8be1360ff51584c8e1bd8ed879548a,1,2021,train,train,com.shouxiu.xiangqin,other,full_csv
a001456952e48551dd493f1657fa4e216b83bba12ac960baf4d1ed35820d06f8,1,2021,train,train,com.fxj.ecarseller,other,full_csv
a0482a574417ae6f13a85f4a26d67e681a79553ae6a607b3b43f840204622482,1,2021,train,train,org.traccar.client,play,full_csv
a0728f845878b7017e728bf3ca4414d6b7fe4296d509aa0884d05a8d4abe941c,1,2021,train,train,com.bottle.sharebooks,other,full_csv
a174dd71756f3b34a690d73e9b0b3491e460ebbfea296e16857e31015e790c36,1,2021,train,train,com.huaxi100.city.yb,other,full_csv
a19ee874173c3d5d2c4e476c5451d844c2a2b07094b7be2ad7fe40207b703fbc,1,2021,train,train,com.pdfreader.pdfviewer.pdfeditor.epdf.reader,play,full_csv
a28442b3c192fabc237f44cd88213f61e7d23ae774360a0c921e237c6d8d9424,1,2021,train,train,com.youshome.andriod.demila,other,full_csv
a2d97271c3a07ec1ec04e0bb83aa7ad60dcc014404b4cd35fd1155f9d04801b9,1,2021,train,train,com.speak.better.correctspelling,play,full_csv
a2db2445e74f11371b13fe0bb738a3f287b9654cfda75485c44500b50f90560d,1,2021,train,train,com.iyunche.ycgj.business,other,full_csv
a30cb580d74497eee944dd7a3306cef2498dc44fcffe9153ca3091260695c218,1,2021,train,train,com.bcb.carmaster,other,full_csv
a30e6fddea50b1270723d9b95d1dd406166e1c3f76fb604e6703603037a22e72,1,2021,train,train,com.fsapp.edit.camera,other,full_csv
a312310837e75d7bd5f5b3eb9937fff85ce846296df99c6c5f93e2ce44d4eec8,1,2021,train,train,com.grape.syapp,other,full_csv
a34d6f9a43d7d96fd251f7c4f3f5056c5d6693f759a06ef8c6f1d36483e32f5b,1,2021,train,train,com.runbey.ybjkthree,other,full_csv
a3cb82e907d6a49094787ea4d1f03a31209403d282334335a37dc35c33f8a9c8,1,2021,train,train,com.mili.idataair,other,full_csv
a3ff515c481446c8febb3f8d83f227e40f9bcd7d65a270f93fb647667b1b07d8,1,2021,train,train,com.ujigu.tcyh,other,full_csv
a476975ef3196f56e9643421d27f40f5fe96f3fd6fa4300ee39da7c26ea6a728,1,2021,train,train,com.sing.client,other,full_csv
a47861c68ebf259e7c978785ca82f5c3d907db956240ea3b094d2596c564f154,1,2021,train,train,com.cqhz.guoguoenglish,other,full_csv
a47a2bbc77a5954683f2bef27a2848e5fa7774d17e22fa0dbfd0b40b82250bbc,1,2021,train,train,com.soubu.android.jinshang.seller,other,full_csv
a4862c1db59209e9ed752aa5c101817ddb90b62a3a6f9b5268d9157d6f6d9bc2,1,2021,train,train,com.monkeyand.bananas,play,full_csv
a509e7562de024d937ef6e4918fc91a8db1006074f623397de43cfc9ac9a493d,1,2021,train,train,com.xingluo.gncolor,other,full_csv
a517c12ba3cd32715f455a12d83f8b22c762bf8c3aa1e52e9e454c953c99e5b6,1,2021,train,train,org.traccar.client,play,full_csv
a53d2a2aa2e8d595886eeeee20392bcee60da16339a24d1033291a54d935efea,1,2021,train,train,com.lomol.workout.fitness,play,full_csv
a556ef1d795d7a53e7bf9a8fbd0ab3f8bebeb099ed9a99a02ad84ae0138239fb,1,2021,train,train,com.miduxiaoshuo.app,other,full_csv
a558a0c057ce47f910c9c6ca4e5d3acbe8fd80ebce8c8eb0f54f90e9162b61af,1,2021,train,train,screensoft.fishgame.google,play,full_csv
a5cded2c7fb08c008af73e6846e3fbfd21a18ce45b8d3b83119b1c6137dd92ab,1,2021,train,train,com.yishouapp.fumi,other,full_csv
a64f4e954e2697893f4357259d21c3af4c70903c17dd8e89cbd32a11bf36ff15,1,2021,train,train,com.aceviral.angrygranrun,play,full_csv
a67fa9cf1b2aec057d96d1e1df783299ea592a132f224b0d22a01cf8918e114f,1,2021,train,train,com.benqu.wuta,other,full_csv
a778e2dd4d5a8bd491af79214f90b276ccc175eae89ef532e53e85b7f6b803ac,1,2021,train,train,com.skymobi.moposns,other,full_csv
a7c05a74f0dcf37a61a3d03add3824b4e43a4ab4c3767f7608607558b7e64465,1,2021,train,train,com.wNayeJob_14658042,play,full_csv
a7c6dd80ff64811ec1243af2e79b8180d051b8028b414ac8a19817078a5966e5,1,2021,train,train,com.exceptionullgames.election.knockout,other,full_csv
a80e786d492888a8c2763e2d6ad6e569e60825b0721ae5a8ed04041ae65debea,1,2021,train,train,com.ay.aymobile.jxjy,other,full_csv
a8172eb14fdf8b6497fcfe6b5bc1745984dcb382eccbf0df12688b4882c24b32,1,2021,train,train,com.jinkuang.Towerll,other,full_csv
a8666fdd685c2f23aea40b091e5ad88245021ecb2a4b545d220be5536622cc76,1,2021,train,train,com.others.export.bqg1,other,full_csv
a893a7ee70e2752c7196075b346334be2d74ea125242747e6c1ecd492ac45215,1,2021,train,train,com.sinyee.babybus.manor,other,full_csv
a8fbdb4ea8245d611f33d8e8e76394d0967c2102e477bad2c2b49d19d404ad77,1,2021,train,train,com.dreamdev.daddy,other,full_csv
aa5b4d70f212d730704cb965e0de676bea890cbe3b2f84935c43f95f6073763d,1,2021,train,train,com.billy.guesspoetry,other,full_csv
aaa6d85c6579fafe3a963d07116f6d9ef9472f70becb8fb26455f27a607ff2d9,1,2021,train,train,com.phinx.handheater,play,full_csv
aae3257c275fef46b987973b7ec423d0180a9f0353fd23135c8996721c49bdb6,1,2021,train,train,com.haokan.comicsisland.activity,other,full_csv
ab4b28cc0dfd61449e68429e23802ccb30daeb911c5e6541aa1a7e51755d036b,1,2021,train,train,com.hodanet.charge,other,full_csv
ab7760c62f8ac813695bce9502baf9ee2719d675bf529b8a0a31c188e786d33f,1,2021,train,train,com.wPostFreeAdsbyWilliamNabaza_12600765,play,full_csv
ac21e0978cb6e2c2233868cefc5ba64096ad2fb283a4794a9c0ec810b271f524,1,2021,train,train,com.wCarDholoExpress_12545894,play,full_csv
ac5dbbec8d773f2b7ec2717030107d0dc425027311fc100448e1150e90a5982d,1,2021,train,train,com.friendlove.huyan,other,full_csv
ad0cf233630999f3cc0a2bf1fbdda2d62ff3403839052eedf7f06b735c2001a2,1,2021,train,train,com.touchtv.fogang,other,full_csv
ad84685b6d0806d96fe2dfc78f3751ea58cd98a571ad1efa0acbb0ebd65bbe04,1,2021,train,train,com.sxm.farpoolcar,other,full_csv
ad99cc077235ee24a79a78a108bdd868213f7f6aed348e61ef824f210f52e41b,1,2021,train,train,com.tropicalstormfront.android.full,other,full_csv
ada497f23e81aab682274a2fba387533e57a89c53a026c9eab35fd78a404c6de,1,2021,train,train,com.adnonstop.camera21,other,full_csv
ada4ff992f5bcd18ac169eb2bc3056bd77b358eaa62f9cc23ebe7d5f685b379b,1,2021,train,train,com.xueba.book,other,full_csv
adb74d60e1bae4c7d0e32556925971d5b98aace29d509c310f2fa1b483bd2f3a,1,2021,train,train,com.yiyue.yuekan,other,full_csv
adec3365d431c3a9036bcdc85a74d84e65911daf76abc39f02b67efe24ef6c09,1,2021,train,train,com.bulkypix.iamabraveknight_st,other,full_csv
ae4e72f2a95c266a32d373b47a89b4ed08b2e5254f8ca9afb7f9e6b417c89472,1,2021,train,train,com.clays.heritierwata,play,full_csv
ae6d28c20b60a0c13de0d71e0343315c3367bb089243dceadbd9a87c845ee924,1,2021,train,train,cn.tklvyou.drivercarnations,other,full_csv
ae974ac21b4cfa080fa8de0d4e8fe6cd7fa7e76fe6f28eb29480d32f845cf2e0,1,2021,train,train,com.xiulian.thecar,other,full_csv
aed1a8d5433d0b1c169c7e72160f1ba5b5792bb47b39ba7cf0b2cd7d9c0ba800,1,2021,train,train,cn.ployer.app,other,full_csv
aefa4f2f214a8ae2dff40097be824b5a9a9fc4c75fc079b98d6abb11a0323182,1,2021,train,train,com.wyfc.booknovel,other,full_csv
af1cd94c4908843c01198bc64760bb9533ce3b9b31adbee60addaf7c51e9f4b8,1,2021,train,train,com.capitalairlines.dingpiao,other,full_csv
af27c39f89bc7dc3f04de0942c4ed13f71c90d99f20e0d4788cef4cf07ac7787,1,2021,train,train,com.SurrealDreams,play,full_csv
af301fa161f7c1750943e67ee87347f9fdff6159f5ec58b7810fccf343aff104,1,2021,train,train,www.lvchehui.com.carteam,other,full_csv
af3a666f55788d10494400ce6836dd4c521d50327e4793c47a2027f29ab53966,1,2021,train,train,cn.cqrb.news,other,full_csv
af49e9fce8550c7e0d06c86fa19c3cba945bcc3d1f6ba5fe50cbf1fa107aaf9b,1,2021,train,train,leo.math.jlu.renzhi.dongwu,other,full_csv
af6f023d00bb170b138bcfc88399a6cb42a0134fae54252f88b8058f4ffa9274,1,2021,train,train,com.zilla.android.product.dsp.app,other,full_csv
afa40d600cabd3704490e1655c0313bc95e11943bbb2afb646a688c268e05256,1,2021,train,train,com.android.icredit,other,full_csv
afe1f407d9c57d556861690a3ff089154f749809a347f55e091a1792463477e5,1,2021,train,train,cn.jingsheng,other,full_csv
aff14d0427ea24416aae783dcb4595f14facd2a5cce813fb0402c1f128362646,1,2021,train,train,net.suninsky.wallpaper.album3d,other,full_csv
b0212e8499aef4d19e8cda138c74f149faed826c87ae2ba26c1c8fa9e75fe7ca,1,2021,train,train,com.eclite.activity,other,full_csv
b0368f5d3d5947c5ba0575fe38907ec6598cb9a2d58f8d4edcdf483ccdf815a5,1,2021,train,train,com.v1.video,other,full_csv
b0a1f7ea82e188614dd99dd44308f41fe0f31878fbaeb3d2e189a98c460db1a4,1,2021,train,train,com.taurus.app.android,play,full_csv
b0c7b1262157c520d8ab1e61f3c298621d2668f285d6533e28f34e72cb6bbd0a,1,2021,train,train,com.babytree.apps.lama,other,full_csv
b181245c8c24f3d122a8fed7393d016aa4bfe6e5ea0bd341bd9eda91379d5c59,1,2021,train,train,com.mirageengine.tv.xxtbkt.bsdb,other,full_csv
b2d2dce95fa7070ce2b19ae9b32eab0bd3ac8aa777a3ba11cf450a6795cb16b1,1,2021,train,train,com.shajianiu,other,full_csv
b303ec7b5edb43c0930a45a9480e3d564dcfc378d5daa42cbdc3187d42a63a95,1,2021,train,train,com.android.daowaymerchant,other,full_csv
b32872bcf1028607fd34736f5c8796da14bc246237dcbc310fe4a2aa57cf30c0,1,2021,train,train,com.yingsheng.hayloufun,play,full_csv
b33e8492dcc37c6ebfb8097250748db116796a951af898b26d5bdebafdc2fe68,1,2021,train,train,com.devilrun.dont.yyh,other,full_csv
b35ccd9b7d280b36934c92b3b1d78f398236448fa5639919ea792518df78c9e9,1,2021,train,train,com.android.daoway,other,full_csv
b397d3c0a27b638ca387b5f6e9376d816369155352f4cebd9cf9f5f54a8026e4,1,2021,train,train,com.guide.capp,other,full_csv
b3a00ed359340bbe82603eab5189b572900ae4beccb437abc67212d93a26873b,1,2021,train,train,cn.ousson.senior,other,full_csv
b451304aebd01e142e5939bf4b5804877713b243315697a5969ec84453ae2b55,1,2021,train,train,com.yk.banan,other,full_csv
b45da7fa4c5cfcea3ec32a52e7a20ab5d52dc2e6c23eb6d71af69b137f9e2589,1,2021,train,train,battymole.trainticket,other,full_csv
b4ceb728fe298030b8690e85a861df723e1a832f9013f55f50ad16da9617d4ad,1,2021,train,train,com.laopao.olla,other,full_csv
b4d0088162f653c16c9b8c1b961afb293b28f8cdf3fe8dbef6cf5d8c569572d4,1,2021,train,train,com.lipont.app,other,full_csv
b4e592d6e0ae6fc37db7fae2b4d0e58f4baacc70bf46836c67abc32613d76cb4,1,2021,train,train,com.autohome.mycar,other,full_csv
b502609f5a932b8e6b89c7655a80f02c2f6ed37f40db2f4d17d551a7d28ed18f,1,2021,train,train,cn.cellapp.idiom,other,full_csv
b53b39193c23aaefce49111a6bd08555e4145eee92928ff2ee282d86fefcc0ca,1,2021,train,train,weisheng.tv.peilian,other,full_csv
b5b569ca18eb371e4f319eab356546de641d782b97c4b8a5a51765cae0bdefdb,1,2021,train,train,cn.com.bjx.bjxtalents,other,full_csv
b6743dd1fe5a2b28059c0f964718b9919717e4723121dafac7a52cd696975dc2,1,2021,train,train,com.read.hhm,other,full_csv
b6d7b62314ef6304f4164d9df7797646ad2bb45f3c7ce24a29c611a1657c0790,1,2021,train,train,com.cn191.nongchacha,other,full_csv
b6e3068e3cf803d0269dbd3ddf424e73cf735648aba2209dd26198d52c86a696,1,2021,train,train,com.yqxue.yqxue,other,full_csv
b74e67892270841691c75990694ca8bb2669a9a6be086072adc052fbf27815fc,1,2021,train,train,com.jizhi.jlongg.gdkq,other,full_csv
b7d526adbc4c378be769b73438847e7814a21ec035f0085adcb3fb9ec7720c19,1,2021,train,train,com.wFishingKing_12909298,play,full_csv
b8651f96529ac086db89c466b4e2e907b2e80c259428cb44644b99fcf168f938,1,2021,train,train,com.qiyang.yueyu,other,full_csv
b8902a8ac1ba1480e6ddc3a211acbe369b232872ccddd051bd2285adacb04ada,1,2021,train,train,air.jp.globalgear.musho.pj,other,full_csv
b8b5f025a04430106abe561359d7f9b197578e94d2b8f0a103955027244ec182,1,2021,train,train,com.weishangyunku.app,other,full_csv
b8f874dbe1e97299fd0f4e825b973f5c33e263528e28303674dacba503bddbd3,1,2021,train,train,com.gamershoth7,play,full_csv
b9aac8810743873dee18882d2bef04c849fb565108bd028b3a207110adce920b,1,2021,train,train,com.jiahao.artize,other,full_csv
b9c7f8a315e204a2b7c9ed015f3ccd7c750fd15b373f9695c2a4604ce3aa4607,1,2021,train,train,com.baoruan.theme.ndafpaiagRpyqNRqXMm,other,full_csv
b9cc20ffb20d7550ad544294fed75ac775adc596a60a21169c91d7593b53f6d7,1,2021,train,train,com.hdt.knowledgef,play,full_csv
ba09c68c519eddadafef16fe5d91cdbc770e2cb6bf15320c59bc6305f5d12dc9,1,2021,train,train,com.stcn.newmedia.activity,other,full_csv
bad377de3e013c2ed7c2fbb21a2cda712dbb4d1798628f08642b6ec129f038b2,1,2021,train,train,com.wBikeSheba_12523891,play,full_csv
bb25778170af6ea72efb5dbe2aa2cea8052bab66f2c5770c0bfdca239916d3f6,1,2021,train,train,com.ubankfx.forex,play,full_csv
bb54f53bdc44b20672d4459b04d5b71d4871ba3abf5fa7e2cec1f06c8452d934,1,2021,train,train,com.sinyee.babybus.greening,other,full_csv
bc0f816002ec06034b06ea068203328d8f51c2b1ac7a68d272521a8593413f6e,1,2021,train,train,samudra.Puggi.BelajarBahasaJepangOffline,play,full_csv
bc39f6cb5ed997eed5e0812f19b23f403e3df8e798292cc2b19efd871b3ed246,1,2021,train,train,com.yuanhuize.mpsbw,other,full_csv
bc4c71b6034d5259bd8d9ac2d0ca7e9829bb4a4d3dcc065d280c3d11abb3790e,1,2021,train,train,com.youban.xbltv,other,full_csv
bd7bebc83a5533fc1b047b69fe9ddfd03c97784313d057ab0f3ea4393ae4e569,1,2021,train,train,com.work.onlineschool,other,full_csv
bdb4061a6eca7b17f95dcd75860db4518c945141060781a1ca3f4f2a3ab61c98,1,2021,train,train,com.moli.ac,other,full_csv
bde0c2763def2de3850056fbf6895d6ad37ea4c79624e54adffbade7bc1cfd3d,1,2021,train,train,com.btime.bjtime,other,full_csv
be6bd822e3599dc0ab7cab279725e5a3ed7ee25dfe9935cc806672d2f4cdacd3,1,2021,train,train,com.jys.zuowen,other,full_csv
be8ef352c641af86e8f134603aa31f6dd2b50eb6f2bdb40b1433e8b215d14e49,1,2021,train,train,lite.entclass.vpn,play,full_csv
be921d3664bd7adcbdef8c9fef62151fe8800d5d81476450cae2aaa11498607f,1,2021,train,train,com.ahutiku.zhiyezhongyaoshi,other,full_csv
be99a4a57d3a86aac4c19ba80fdec8531d4e96def289755fd10152e823179f5d,1,2021,train,train,com.hrrzf.activity,other,full_csv
bee5111c16fa34f58847111fe4c0c7fdbc1b9dcb26a17c0a399b6085f6ab84d9,1,2021,train,train,com.w_13994474,play,full_csv
bf51ce6865e0cf0f550d5be91a3c06bad8b1bb789793cf68506857a43e7cd880,1,2021,train,train,com.economics168,other,full_csv
bf55b0497b2e123eca37db2dd4a759cf0680b4e83c272784d03e2e6455bd7649,1,2021,train,train,com.djbox.product,other,full_csv
bff19543664bf9e1c7ce9b3847b745021a24cfe3d7a2c92909ecb572fe4c6ea7,1,2021,train,train,com.zsfz.activity,other,full_csv
bffc616aead4a5fd9cfa9a6205f84864f2251c1cb51de9b362d0e1a81924e096,1,2021,train,train,com.jiaming.de,other,full_csv
c00db0e51a9f8bece4021c854248472e10b40e7eb44a940d64d14e39b8fd3d8b,1,2021,train,train,com.jaderd.com.wzsb,other,full_csv
c04ac8ada851a74716e2c3575877fe6e4c16cfaad907c1c1accceac10335b133,1,2021,train,train,com.zuimei.zjz,other,full_csv
c06acddf2b5f50b7d1b80afec8686938fecbb533251d997a1b749e081a792c50,1,2021,train,train,com.js.winemaking,other,full_csv
c1185791ee0bd8b029b33de95bb6de9c96623fa026c84001d90e66b3de74a548,1,2021,train,train,com.jtlyuan.highschoolmath,other,full_csv
c157db163279a99175bd0925bde30d6dd5ab1b9d5217d655680c402ec5026c7b,1,2021,train,train,com.hicorenational.antifraud,other,full_csv
c16eb702cc9cb9298723aa6a0084ab26abaeef4457526d94c57ad42e1c60554a,1,2021,train,train,com.zhangmin.minread,other,full_csv
c240d87cd82579169f822ef5dea038ac2dbda5d89b4060e30b621f2043e489d9,1,2021,train,train,com.wodan.xianshijian,other,full_csv
c2579172f8a8af218c42ab08208b2e26abad28f2a02c202d3d71030284a9e9fe,1,2021,train,train,com.gameimake.kittyandpuppydoctorcheckuphospital.egame,other,full_csv
c3b750fc231a6fc53bf47c89f95f199d690c86df0030774c0afa847d646f0bc3,1,2021,train,train,com.vson.smarthome,play,full_csv
c3bfaf068075c1b928d2b1c62a2d5437cace437590138ecb8ca1ec361d9ffdf1,1,2021,train,train,com.yilos.nailstar,other,full_csv
c3c30b76fa3f7b715d9daeff5d29990c495f38d33fdd2db3f0e16c8ad23a6247,1,2021,train,train,com.dreame.reader.indonesia,play,full_csv
c483583065f4d43dd9959a5b4d0e6956bf648b56b71100904b4d994418b6ba12,1,2021,train,train,com.twentyfirstcbh.epaper,other,full_csv
c4980c098dbfdb570f7585f158042c94a40993b0ff9200a920139ce86095c747,1,2021,train,train,com.lms.app.newledtled,play,full_csv
c4e3d8dc7957ea701ee599942e655a581c6048923ea99770fc3a7dd14729564e,1,2021,train,train,com.woshipm.news,other,full_csv
c5073a09961209bfc863beab4ae99bdd81e10e7ae21b6d9c3be6a9f204b9885e,1,2021,train,train,com.kouyuyi.kyystuapp,other,full_csv
c53d34408a6c40db603f3205ab41a09c19624f1f9e5323668580e9f442c4cb5c,1,2021,train,train,edu.www.qsxt,other,full_csv
c5da8a9eab58621b0ba0ab9051d5c2049cb973dbcebafc68bf056fc06ff0b15a,1,2021,train,train,com.biemore.android.childrenSupermarket.aiyouxi.egame,other,full_csv
c5e14d302d9ad7733fe9e4ebb5f25a2eb25b26fc81407f8699c93d97dee14215,1,2021,train,train,com.biemore.android.mathadventure.aiyouxi.egame,other,full_csv
c6cdd77c50f4c95fd08f8b460141f76c6d6cdda639d731f899724eec0b903296,1,2021,train,train,com.xmei.shift,other,full_csv
c77e1db3f689f79ccdb6ca28fef68f16dcbf1561e8a3f30aab891ad7bdffa82d,1,2021,train,train,com.iyuanzi.app,other,full_csv
c7980272907af108c663b3393d974cf57e34f2e8d815e0f47964a238de7c0ece,1,2021,train,train,com.zhuoyue.lingjichuyingyu,other,full_csv
c81bcef7dbbb1668e1728f5281fbc7b562f90642c654a2a8a32a172735d19b60,1,2021,train,train,com.ykkj.dxshy,other,full_csv
c88f6f7b1d7e630aad5f400ba28f4816705749bfb41a946c6504e0dff5014268,1,2021,train,train,com.vision.tela2,play,full_csv
c92eb86fef35c2ae03a89957d9afc00f736954980871462df18653b7598a4e16,1,2021,train,train,cn.wangxiao.cyzhuntiku,other,full_csv
c9a9e24dd737c90d21fd872fe34090ae60d65169f35c21b217f6624c91755e55,1,2021,train,train,com.touchtv.wengyuan,other,full_csv
ca07d389556fc9f0a9caa5f98b1ff048fb0e788d8b6051e693920cc9413c4729,1,2021,train,train,com.inspur.vista.labor,other,full_csv
ca4965e22fa057a96890ea7f34cfcb5a93ab34545cde9ce17cc57bcd74d53a2b,1,2021,train,train,com.ciapc.tzd,other,full_csv
cabae28654773fe6ac0f3f78335900db26858b9ce478d2e933f0825b4fe108b5,1,2021,train,train,com.laserDog.grind2,other,full_csv
cac9176c64446411e8e0b6b36d3837f649d06ebe362023bb96a54d10efcb1ef0,1,2021,train,train,com.sz.bw.borgwardcar,other,full_csv
cb23410f321a4784bf850ff0ec76349ed3cc5a44971565eac3aab4921ede584e,1,2021,train,train,com.work.beauty,other,full_csv
cb25ad5d26cf87b1d90d02207b59e550e0fcb6b843303bee913b754fe6e23ed4,1,2021,train,train,com.earku.main,other,full_csv
cb92bc853899444d3a195458de6170509b8065af0b8e459febb22a5d9bdf0fd7,1,2021,train,train,com.lomolsoft.language.learncroatian,play,full_csv
cbaa8e817b5dc41a06d09d72a79d539d7103d95eaaea6fddfa735d9e1668a4e7,1,2021,train,train,com.cj.yun.laohekou,other,full_csv
cbfd7352ceff2456858095adf6c539f5237d6f3c3f6787346656dcfb89fe5a64,1,2021,train,train,com.EEStudios.Necro_Phase,other,full_csv
cc536535cc6996c975cb470de31fd072802714bee9aa203a29b0e50a48ff7600,1,2021,train,train,com.loupan.app,other,full_csv
cc587b3df22442c36f26565aad2c3cb9b209f72967d6371b5aa878c87b23aabb,1,2021,train,train,com.hzpd.xmwb,other,full_csv
ccbbd417f810f44967dfbef03d7698dbe50acb6a3e087fadf581f11bc34782af,1,2021,train,train,com.fjgame.dnfguaji.yyh,other,full_csv
ccf9d2da102197e88cfee21b7941921554f8f0f000136814a08eecbedae71a7d,1,2021,train,train,cn.neoclub.uki,play,full_csv
cd088d0594f71e90eb67fd263bf2f0fa4bcc98e16cea50a9ed077e01e7bf4fa1,1,2021,train,train,com.news18a.wangshangcheshi,other,full_csv
cd6ccd28c22ef62deb0516794168dc2b2aafbf02b0d68a9dada5088791c172a1,1,2021,train,train,com.wSAFAR_13999157,play,full_csv
cd9591e94f25157f0a552699446925b77ecc954ac9479c45aa87db26aff48b25,1,2021,train,train,com.gooclient.anycam.viaint,play,full_csv
cdbafa593ea517ff4fb96ee06a16c546d4b2dcd52dd3189262fb9c1ef487f00c,1,2021,train,train,com.xiangqi.physics,other,full_csv
ce085196f80b41196807ec8896fa950660692b9ff2a7988580f25ec0cbe903c7,1,2021,train,train,com.rosevision.ofashion,other,full_csv
ce49ea727867c7614b762a60f2efec48baa9939e8571a458ac14f797b0381ec9,1,2021,train,train,com.yueyuan1314.love,other,full_csv
ce62ad4839ec96e3f8aabcf36ec5300efe7d2904ff4abde20f04c0441eed66d8,1,2021,train,train,com.all.videodownloader.allvideodownloader,play,full_csv
cea32632b706df91abd3f247a50cba9eb1862d5818fd7b4c433ccb2f0420a2e8,1,2021,train,train,com.dontgiveup.fight,other,full_csv
cfa85cb894360917f30363f15a9631ca2bf6093430d2ddb4f85d5085773dced3,1,2021,train,train,com.deniu.daniu,other,full_csv
cfe33d3c8cb169c26fc3b125c2e5c9bfcd36e009f6da67cfd812fbff45d86075,1,2021,train,train,com.hune.fingerlock,other,full_csv
d04578ad06d14ae5e8a3d994985d2624bfc125da2d9687602b2185920c7406f6,1,2021,train,train,com.mogo.threesameline,other,full_csv
d08496d93b3bb7e7120fcfb050b53e577dd4a588a676ec93e66f84db51de9aa6,1,2021,train,train,com.guixue.m,other,full_csv
d10361c52e6273f639d5183edc983835a8dab818b2087113831859dbc05b9812,1,2021,train,train,com.hisw.gznews,other,full_csv
d17e9bf969cf25d2e11dd1ff71bdbe3081827c0a64e48efce9ee76a3b7c79b98,1,2021,train,train,cn.trinea.android.developertools,other,full_csv
d1875ee59ce07a6869732ed9408383b05832440a62084c85a02ab0c5523e4f27,1,2021,train,train,com.qxjt.htjy,other,full_csv
d1afe3ff724ba864d472c6db3aceb51f257e6fec24b2c928d95545bc3648968e,1,2021,train,train,com.wUdhamSinghNagarNews_10761894,play,full_csv
d20eaede1600d4da22cae680aedf170ff5b912ad8b5a6c3d57df4d1a86294854,1,2021,train,train,com.lxq.applocker,other,full_csv
d2b00684545e4a826d4af2a85c5923d8499b162c31cf2e3c8090972ad9c05702,1,2021,train,train,com.antzb.androidapp,other,full_csv
d30c653e2322847ddeb2b2cc6eb2ac020bf127d3325b9a490e3c2c8fabb024cc,1,2021,train,train,com.huabenapp,other,full_csv
d315e3a55a1a5e6baab3ee6017471f84e8bf6b260ed336c8dacd236883777eca,1,2021,train,train,com.enlighten.lastlight,other,full_csv
d3871aaf65830fcac22d2d60e5f73ab716f3fbbde676ee7ecfabbe7215dc2a8a,1,2021,train,train,com.ylmf.androidclient,play,full_csv
d396bdabc72e90dea9abfcc52a4194fc98bd6b8aae01e106ce20570094506cea,1,2021,train,train,com.appzaz.appsgod.matchup.snoopy,other,full_csv
d3d74180a2d67985b268e2040a2dab692d980d1c2c52a6f71e78e11e7b666f30,1,2021,train,train,com.dafuvip.quiz,other,full_csv
d3da2c381380854965f51c1a3fa23cfeb2cfdc6cafe99d3843474eb08ddbdb77,1,2021,train,train,com.fujianjin6471.memoryhelper,other,full_csv
d3e5bc3c0b6d158063ff289674b8bb18a9b4fdcdd94e61fce31525e037981625,1,2021,train,train,com.fujian.daily,other,full_csv
d443c080eadb78cbb67c23c5d8b10cd3807d39c2b498f8791079b4e6327eb7c5,1,2021,train,train,com.xyjizhang.jizhzq,other,full_csv
d4aac1bffdf2afe763f4a36e9a14deab442b448feb0a46944e4d57fa38a59638,1,2021,train,train,com.lomolsoft.dict.pedict,play,full_csv
d4ae4765172870692e7cfd8efd45c0835524c3b56b9ba2bdea995a47786eae8c,1,2021,train,train,com.medunion.dynasynq,play,full_csv
d50d206b83cc3528fb82ff51acbe6c73bd76beb543de8ff854e58d0a5e41a0b4,1,2021,train,train,com.ihuman.classteacher,other,full_csv
d54a2717f72dcb0ec0ebc73010c6291645c71d91fa1855362c1e154baa253903,1,2021,train,train,com.baoruan.theme.necirddaepqTqspnfad,other,full_csv
d55bd899172821c3dbd8f8eae9ed0c3a69b760713d8637e9008d0c379bbb86b7,1,2021,train,train,qr.barcode.reader.scanner.tool,play,full_csv
d5b6e570d3a96e11e374ef7eef5bf222e7c55d5a4e3bad98859bb3e1775282cf,1,2021,train,train,com.sinyee.babybus.dinosaur,other,full_csv
d5d4e9375f74c38586f97d36fc15a3326562cf849cce0419bd649dccb6b7a9da,1,2021,train,train,com.borui.sbwh,other,full_csv
d63021b1ec7ed2a644c4b8ffaeaf16720b3f6a68d7dff4b44d69b56f21a812a6,1,2021,train,train,com.lakala.sh.cmmp,other,full_csv
d6b15b5a1b34e37443c4863f0ff10f0f8e48992c5fe97e53b1dd007d9846f0bd,1,2021,train,train,com.wenba.xbjtutor,other,full_csv
d70c1f42b914ccf1671c22db5643b2010460ed78c34a2667415050d7f04f1749,1,2021,train,train,com.wDefi_13718834,play,full_csv
d77e6274dd415ef47d183204eaadd45377bfa2246604ce1ea7a641f3de69b1a3,1,2021,train,train,com.meeruu.sharegoods,other,full_csv
d783b5c0a6e937d753046328721b3c8602f727ac58893f5704263a49d089ab6f,1,2021,train,train,com.lztv.inLiuzhou,other,full_csv
d7e8b25de6b2df3798ee6e2458c54c5d7799387ce3ee5cad42c3d152344f4cf5,1,2021,train,train,com.cj.yun.zhongxiang,other,full_csv
d7efacba73e683ab85e6c262a53123b60efb44d3ad1cdbe421704bcaed035225,1,2021,train,train,com.patyuk.gk_st,other,full_csv
d837d41718352105e9aa1fd80114c1e7557dbe6a32f90bb8db0bdce46c4b902d,1,2021,train,train,com.rabbit.doctor,other,full_csv
d84b53aef156b185a7cad2f028ea22fbda3b310e22c8fdfe0e43aa5a43cd0757,1,2021,train,train,cn.uqu8.brainsharp,other,full_csv
d862fa9e9497a078af5cf068a338891afdc335d59f2ee7baf381d1e7cf76c10f,1,2021,train,train,com.workandearnCashapp,play,full_csv
d88a976410fa3b05f12bb5fbf95a7b757002136fde8dc1f4823aa8d3017832c6,1,2021,train,train,com.linchuan.vademecum,other,full_csv
d907445d936caeb976587d0729bfa1f5ccf681f96e39eedca362fa5e6ab07859,1,2021,train,train,com.xiachufang,play,full_csv
d98ff641b3ce2aaadea4e6af6397bfab10b300c16106e2563958b625dd179c22,1,2021,train,train,com.appsinnova.android.novel,play,full_csv
d9dfbdb6d9ef903b28ad5c9de3a8266c3e3bb0e7582b67e75ba7e2ba298d63d9,1,2021,train,train,com.wFALCETMINER_13651654,play,full_csv
d9f280bdb2778900ac6219239dce4c2449d05fe47ac07c8d7e5c54848a333436,1,2021,train,train,com.mobcoreapp,other,full_csv
da3eec442ceaddc17f23375d6317294591ae654968e2070bb89752900590f682,1,2021,train,train,com.tataera.edushu,other,full_csv
dad965f91099c1e58ed1206e4d6e266e4c8078bb531205df978ef99aeac5d1ed,1,2021,train,train,com.aiyuncheng.forum,other,full_csv
dae1a34bf6df2cfc8d420f959e2369cace470c85ea5c025de037aa3247f95e33,1,2021,train,train,com.judian.fatiaochengcanting,other,full_csv
daf6e1b9683d6c3b3ef65b1bc62dc02f860215f87fa651b7b3c8b2980b78dcff,1,2021,train,train,com.qing.study.jiaotong,other,full_csv
db20b1ca80f7a834a14bed759012ec42dbc6eb3b08c1512da6eae3ee91e7e2fc,1,2021,train,train,com.ikang.pavo,other,full_csv
db38cac907c7eca1775d170ec2434eeaea070e41071a5d97b09c385c97bdebb5,1,2021,train,train,com.yingsheng.hayloufun,play,full_csv
dbffe80865129b9f1ee6b3784e65c51fbbad05d12f86f9c7ecd03fdfd9b6d280,1,2021,train,train,com.antzb.androidapp,other,full_csv
dccae24232ae703642ba7f9f9981d30261174377af16f3eef9b7ad321e3183b2,1,2021,train,train,com.tom.postseller,other,full_csv
dce1ca2f3759430c569e9aa9f57bc849f6c9956b42d9371118a4e66fa563e9dc,1,2021,train,train,com.insthub.voguemini,other,full_csv
ddd0c4c14bc7f7af940a2225e76876791b4deeab78a0e3bb64988c84b6140da1,1,2021,train,train,com.latsen.pawfit,play,full_csv
ddd9f8361a46638405b0e342e0c23fe25d0287fbb55198eda400965dfa96daa9,1,2021,train,train,com.tpxxtech.goker.gp,play,full_csv
dde063d84ba1409af9e32bd6fb71588905629e27b7f9ac24fee866a1099dc0ec,1,2021,train,train,com.starodymov.stickman,other,full_csv
de0a635bffbe524d8b1d41fe65580f96d6716cca40f1f78221868fa449105462,1,2021,train,train,com.chinamobo.moxueyuan,other,full_csv
de0a8c61830181a4501670721c9ab195b337aa09dd9e5d21dd75317a9b3d1255,1,2021,train,train,cn.okpassword.days,other,full_csv
df15a2ce54cc6b739480f0b41859ff2ddd9edcd5c68fb920ea581d3e7600f10d,1,2021,train,train,com.followeranalysis.Instagram,play,full_csv
df49afc2070b148d5933df072abe7206693bd147f4905f66bc8f01edc7337a96,1,2021,train,train,ecce.chfei.nebw.piom.buid,play,full_csv
df4ca400d1e2fb33e84bb62b1df5a108a00f73202ed6b3034ab46335ca559533,1,2021,train,train,com.fuwang.pdfconvert,other,full_csv
dfb2447b8050a75c80c7fb13b2f795250d5f3927236824a25f055545a82d8f93,1,2021,train,train,net.huaxi.reader,other,full_csv
dfd4e2a93a1ee49c5ec6717c0a448eaa6622a04be87318c632affb6c6611610e,1,2021,train,train,com.stickers.watermarker,other,full_csv
dffc4ad891d64100c13a5158b411ca91844e8cf647a13bc491d333cc153e0e83,1,2021,train,train,com.yachuang.myapplication,other,full_csv
e039a216ec3a6b6f68719de8dbbf33d41ffc80a3171def737a1e434c541401f1,1,2021,train,train,com.weather.alert,play,full_csv
e0a4870bea36db36e0fb6d2b0a790ac4f67522bbe8b7b3d02335491eecbf4b42,1,2021,train,train,com.fuhua.smy,other,full_csv
e19e03a634b5de75ef719e00f209ec741d4f0113b866ca1a1010d82a0a204c5b,1,2021,train,train,com.wjs.read,other,full_csv
e1d862c2bbb00ae0952dc2500d87ba12588026cf220916fd7a1318c819eed122,1,2021,train,train,com.hongxiu.app,other,full_csv
e23cde6c65ef1720894d00232c496a8423c8709479ae152c619ea4d1aa4d5acc,1,2021,train,train,com.abdussamad_pookkottur.malayalam_speech,play,full_csv
e254ed537d57dacb881539f0c750a7b0767f3b5df913aa5c2f9674f6a08f6b40,1,2021,train,train,com.undfan.formal,other,full_csv
e25e2d6876fd397d253175c57067fc21248f6ef514e6267f8f4d64b526bc362b,1,2021,train,train,com.aniversary.videoline.kkl,other,full_csv
e2a9d90f4ac32a40679a4a4f96381e041fe2dee49d321d8076813e096dc2afd0,1,2021,train,train,com.image.photoslideshow.photovideomaker,play,full_csv
e2b568997a969486e5d4ad47321c84aa6c12b5c80ceddd8b41e3feb2df7e7010,1,2021,train,train,com.llls,other,full_csv
e3804d712b11fc0a51547d381f3bb8f72203016752bc253007cba80910074408,1,2021,train,train,com.hxyd.gggjj,other,full_csv
e3943d635bd31f00f71cc1ab470e6eb0bc2bb4de2a1681c3e52a0cb930d3fdad,1,2021,train,train,com.njbl.master,other,full_csv
e3e05c4c0978e4d5ba654e3a5965ae87d0fae9af96fa7f4f95261d8ebbb6f9d9,1,2021,train,train,com.wanniankang,other,full_csv
e42dae2fd771414b85db1a880021e8a57bd2c6b764feac10523c6616cd9986ec,1,2021,train,train,com.lomolsoft.dict.gedict,play,full_csv
e463c92e978a93ff338977479ecaa3ae95090495304cfc06def51468a3ff165c,1,2021,train,train,com.lomolsoft.language.learnfinnish,play,full_csv
e46fd8148dfbda8fb412727574d9e1cd9087ce582a07928d86ab72ebd64ac913,1,2021,train,train,com.medp.wanxiang.market,other,full_csv
e4a12292adc8449ace9fe362dc6f388c323569b3e129c1452ac1d8fc34814a00,1,2021,train,train,com.cliff,other,full_csv
e559d653fb6017f8671634372280f201aa761c144a6573a21ef7cc25980e9b2e,1,2021,train,train,com.iflytek.inputmethods.DungkarIME,other,full_csv
e604e8de779b0ac374f79ecd1cb342fc2e381803c1353fab820439c86e63713b,1,2021,train,train,com.wNewYorkRealEstateforDouglasElliman_9743282,play,full_csv
e66488162dd38571f2c469c036d0f0e8db4fe79b089d1694833e83e83b1171ec,1,2021,train,train,com.snapgify,other,full_csv
e705a16575017b2509a354516d9a43d1a402e361230d6b2dc4b2c33cea535ad7,1,2021,train,train,com.lomolsoft.dict.aedict,play,full_csv
e73907c03a41160799a325a442f05504023e7c126d978ddb5f7868dd7e3afd21,1,2021,train,train,com.hhsq,other,full_csv
e74b11a0fb9d2f6eadc72c62e4a08c2b66ad45580029eb3ec06072e4fbb43a9d,1,2021,train,train,com.ubt.woforbusiness,other,full_csv
e755b97e3ec28dab3d6fe48ccb02233e4e2db7778917caffb7ef8956ab46b884,1,2021,train,train,com.finecleaner.phonecool.cleanjunkfiles.tool.savebattery,play,full_csv
e75ba01a180adcc8430f782fd40efb230cd45ac450af12a09ca3b2b4401556a7,1,2021,train,train,com.vanke.activity,other,full_csv
e79e465c98372b6654f7bf12e4d5998b466b2b25d33c7ad319116fe8165d7ff2,1,2021,train,train,com.tp.android.bffnewbaby.egame,other,full_csv
e81966b31d5554ac2e457baccc670de34463ee7457a0d43505d8cf44f9dc2650,1,2021,train,train,com.geetol.fond.dream,other,full_csv
e82f4ed699e2a04dd997e7472708887a23d16c3ae858c0a56b39ee8af6738ddd,1,2021,train,train,com.magicdata,other,full_csv
e87253605a9f8629e2cfb4bc9d55c49fb8daab53da7aed59aa8bd46a8e937314,1,2021,train,train,com.voghion.app,play,full_csv
e883046aa2e259f38d25c9549323e625bfaf2aae47b1856edfa7a18106d2d2a0,1,2021,train,train,com.shiliu.finance,other,full_csv
e8ef9036786c4ccaea7fa45d93834e317b6be7f63cc8a23e8f5a8328058e734e,1,2021,train,train,com.ziyi18.shortvideo,other,full_csv
e92eb01329f33490d45461a10ef2ce587837977791c22721e03f8bdf8e727ecb,1,2021,train,train,com.ujigu.tcyinhangcongye,other,full_csv
ea22cac322d6b74f3e9b11be649477e0bf0004b4de8e2a882832a011d72f8397,1,2021,train,train,com.ymstudio.loversign,other,full_csv
ea246b46de66538d97abc7142e5ea99c6386fbc2528b98b96654378d01e1efd7,1,2021,train,train,com.android.tiancity.mobilesecurity,other,full_csv
eb18ce015e26efd2c91ad27f7069afeb308751f22f46a811308f377df2c5deaf,1,2021,train,train,com.cictec.wisdombus.dongying,other,full_csv
eb71d94fd18050d86442c9a460604dd92ddaf8d7c514b57fefa480c331279e77,1,2021,train,train,com.no.signs.life,play,full_csv
ebbe63359bc453eca2383b36e352bca3d4b05bf3e5c047740522fb7b127d1f12,1,2021,train,train,com.cheduo.mobile,other,full_csv
ebda624df00699845eb23061f7d85fbb40d8a2a23d126992f0343ae63c770560,1,2021,train,train,com.dataseed.focusVip,other,full_csv
ec4e7fe699b6ec440442156825b7ab639e1f0137f14b01e676372d586096c54b,1,2021,train,train,com.closeli.ipc,other,full_csv
ec759939bf8755de74f04db8379a8c510349e40d4fdd25c276a6612089998a24,1,2021,train,train,com.dmzjsq.manhua,other,full_csv
ecb62f9e5cee490f8da4f6b71546629d827b5becbdcec0d9231d6260f0ba2772,1,2021,train,train,com.nine.fun,other,full_csv
ece93c513af023bae7127096cefa2600f6ecc3154e9d2df49bcb98188ea89ecd,1,2021,train,train,com.hhsq,other,full_csv
ed44395ad3869c80140a8cfd6e6d10f31e5cdff4efdef99989f4db6c53a486a5,1,2021,train,train,com.tupo.course.gaozhong,other,full_csv
edbefcf60e3e598b974eb95620b8a3ab4f6e80a55d728e7a2f539fe33777a7e4,1,2021,train,train,com.cj.yun.yunshangxingshan,other,full_csv
edce8aaf56236ef2d72d86d2c5e49c87a3546cce880754ed9485aea943d73150,1,2021,train,train,com.picture.photo.editor,other,full_csv
ee0a40340518ef00341776a32038541d21873d9dc957e5caf835dbc09f95ac4b,1,2021,train,train,com.eers.kraft.eerskraft,other,full_csv
ee1e108f449f7a235b61ec1181a8d75227006eb2b7e71d70fee9cbd37eb62ea5,1,2021,train,train,com.jt.hanyong,other,full_csv
ee356dd189e9f3b07838b06fadb248e3421e7e42d64843a6b0643f2a6a2f8f81,1,2021,train,train,com.pcpop.popapk,other,full_csv
ee5c3069a083d6f4f05b8bdabd9de0599aa37b573ac45b45dd486a85ab3dab0f,1,2021,train,train,cn.changsha.xczxapp,other,full_csv
ee7d51f111a8dbd37237eb399f599c55b60bb1eb93702311150f5b5c39661d5a,1,2021,train,train,com.xuetangx.mobile,play,full_csv
eeeb28c9f03ead1c7eaa4b9dbda0f52ffd36e10b089e1441270f69ea0d6f31d2,1,2021,train,train,com.jxmfkj.www.company.jcys,other,full_csv
ef19123aced8508efbaa1d6a0ebdf868543b6b2ec584387529936af9b168c16b,1,2021,train,train,com.wKashiLive_11926332,play,full_csv
ef2834c9c7a21ba28109b6c7a3591e925cbe476515d29c37554f9cdb2d97a322,1,2021,train,train,com.taiyi.competition,other,full_csv
ef34f8db4717d3833e91efc82c5b7262e87faa84ee9082b236a3724f1439aaf6,1,2021,train,train,com.pdmi.renxian.media,other,full_csv
efffae0a3816de11b4e83413eb3e432170c30d6395745e0d5a68b87e44efc215,1,2021,train,train,com.browserit.secure.browser,play,full_csv
f02a689323ae158e27e8c172b19f67ee4fe9f66d2d0b7ab0df279c60436f3805,1,2021,train,train,com.tan8,other,full_csv
f055c4035e1a3180f72d1dad6e1133ce07bff9537271fd2ff5c46fc2dd84b366,1,2021,train,train,com.sinyee.babybus.travelsafety,other,full_csv
f063c418d9812cfda5e329b32468470db6a0c478218fc20dd56305ff5324ae2f,1,2021,train,train,com.charm.discipline,other,full_csv
f0a43707c39d87f7362eece7ec915dea3fe0cd5d827885094cd133d7ab872066,1,2021,train,train,com.wind.tv,play,full_csv
f0a93b3925145b7bb1c1662f3c61eee643bac1bef467e171d639cf74f5cca663,1,2021,train,train,com.icitymobile.shinkong,other,full_csv
f0c0986885bf7f953bcd79482fdc2717509ee0aabb35d9158e62c83168bf2857,1,2021,train,train,com.lomolsoft.language.learndutch,play,full_csv
f0d7807bd478c04a288727be0633a07ec9e5bcf5b0ef846d1642fa91254af0b1,1,2021,train,train,com.tsjsa.oneaf,play,full_csv
f0e6d5bb4dbbe70e7d55c2f0246fd72687b73f523acce3b605ac5d138a2fe08a,1,2021,train,train,com.v.junior,other,full_csv
f17653d672fec92732cd5370702c6b3ad8ef8c28d5594d130dba280945e53a9b,1,2021,train,train,com.jinyichen.healthday,other,full_csv
f1b7c108ddbef8b0ffff233a4ec56efac7eeb6a5aa1079c39dfc3b5cc05b5554,1,2021,train,train,cn.freemud.app.xfsg.xfsgapp,other,full_csv
f1d68a1d276d6bf2d3e56a7b06f69ea970e2cbe998e2dd5857897d7086d80f4a,1,2021,train,train,com.yokong.bookfree,other,full_csv
f1dd0968f49863f6350d094508b315fe9883f88342af0d9ad544f599f67a9406,1,2021,train,train,me.shouheng.leafnote,play,full_csv
f1fbad590e9ce6716ec80972b818ba6a44de89fa1b4209ba252804fc377bb3d8,1,2021,train,train,com.ptfish.forum,other,full_csv
f261d781ccff3d17dcdcc47009626549834dbcbccfe96ef07e19c018a788952b,1,2021,train,train,cn.com.yunma.business.app,other,full_csv
f269245e5a3dedb2c5c65b76840139936e351b48b3c4b0298defdd7dac425842,1,2021,train,train,com.zgzzzs.www,other,full_csv
f2a08c7d998917b9899cbeb2354598e6879e048b410687c4a50ff81a29b29bb7,1,2021,train,train,com.denglin.duck,other,full_csv
f2ea094ca3ef7248ff81f2bb9e260ba22503afbe077275a471790a3e5615d97b,1,2021,train,train,com.hanweb.android.jszwfw.activity,other,full_csv
f312729d2b0fba2f08058af27d6c7727dbdc824269e1df05597cb70565f5332e,1,2021,train,train,com.mx.study,other,full_csv
f3a157826e34d5cf44c40a9fe7d237c4579c9316b5ea1703772d815d465c9647,1,2021,train,train,com.restore.bentai,other,full_csv
f43fbbe87e1ef3650f0f5a09c61564ae460a789047bdc20d593972b6cf623ebf,1,2021,train,train,com.zqcm.ysp,other,full_csv
f44985bc1824070739180b5587879dfa9154f0cf734901f71fe2393d5889ce45,1,2021,train,train,cbs.enterprise.com,other,full_csv
f4f524db3947e75ee5c3ef28448927c1d7a4abe67c2bb27234e89be73ea8854c,1,2021,train,train,com.moyun365.android.gkyuwentong,other,full_csv
f5671147be8f9a64367ad389b473f76bfd46add8dd1f2cd6bff603eccb19dc0d,1,2021,train,train,com.hengshuokeji.zhaobiaoyi,other,full_csv
f576cf76aec7c46e3ccdaf7c624ecb0d79e3f25a25a6f6829a1a6cb642f29dfd,1,2021,train,train,com.zhpphls.juzi,other,full_csv
f57a3b8f3e32f366bac9d618ec8723803fbf0b904ed8ab0160f68d4e7f6eca3f,1,2021,train,train,com.wGuideForZoomCloudVideoMeetings_14678833,play,full_csv
f6848806c80dde08bd4dad441b9805c1d877d6dbc8e2b62481dc91d0fae2b2e6,1,2021,train,train,com.xmeng.ued,other,full_csv
f6a632c9c615ac4459dc63397b41859bbfc3638a4a3bf0cfb4b7d347c2fc413d,1,2021,train,train,com.box.android.smarthome,other,full_csv
f6e61140489dcda7ab8144842a8c99c010957101e45593fe2397d973185f5930,1,2021,train,train,com.spryfox.roadnottaken.st,other,full_csv
f769561d65d0e57a35158bc87816a4fa019393a00a6e95c017b96f9a7cc14af5,1,2021,train,train,com.lomolsoft.language.learnarabic,play,full_csv
f79f1516252637989cc1d29d8d661874cf64733f23bd0340f52603adc2def302,1,2021,train,train,com.adquan.adquan,other,full_csv
f7efddbbc51a216c82dd379e1a629d789ef720d4d75a8224bb0efd0d147d98aa,1,2021,train,train,com.zx.coteamwlpt,other,full_csv
f7fa5584353267e2f30c0e48988b157cd1c4ae291a1256949e4b0b299d7a0fa1,1,2021,train,train,com.qipeiren.app,other,full_csv
f81917b71ff549fb255fc0abadbe33f8721ca3a528f3343456afc6d0acf12c61,1,2021,train,train,com.yueyuan1314.love,other,full_csv
f85c6fb9371f9b36e8689fc0eed81893848a3fee536ea54507ef22088d19fcd9,1,2021,train,train,com.bjatm.fxsd.yyh,other,full_csv
f86239adce17b92dc75dc2963834d8a55ddc2dfe9463711da5fbc0efc50b954d,1,2021,train,train,com.iqilu.ksd,other,full_csv
f862a5704cb63bbcac584755bf6c783d78097d81f0a5b5dc494109689f0fb1d1,1,2021,train,train,com.nirvana.ylmc,other,full_csv
f8a4511990326d0c175a88088f5ffe901f461a8501671c97f5ade7b4f39cc53d,1,2021,train,train,com.gold.palm.kitchen,other,full_csv
f94e72eb2167652125e30e8f898889abd374e100e024ccce97c599cd3d99f66f,1,2021,train,train,com.chance.nantianmen,other,full_csv
f9c170a9beeb741b810e6dd1f6e1cee86954f69d26d1945b7f3836500211beb5,1,2021,train,train,com.lomolsoft.dict.gedict,play,full_csv
fa6e90a46cf5cfe425ee8e890518db812446f107aa674009e4d3dfbdef860b50,1,2021,train,train,com.wCalirofniaRealEstateforRealtor_9815896,play,full_csv
fbb266122c06c451e3da841793e2f6ec3efe568d37c823b15c8ad4f021bd1994,1,2021,train,train,com.runbey.jkst,other,full_csv
fbddda48c734ecfc4c7a19f1281da9d36882235824c9ad9f2635c7891a543a6c,1,2021,train,train,com.carving.wood.art.yier,play,full_csv
fc061a2a84e568b6940e32c27abd0bf32fd6c7ffe7cc720810a25eee9327f1fb,1,2021,train,train,com.gomemyc.mylc.android,other,full_csv
fcb713c12356e60caf5a01eefe7bc1d0ac51eda24e4ef56967b558c1470fc753,1,2021,train,train,com.ncarzone.tmyc,other,full_csv
fd3bac50a1e0f204107ea7b90c0d25c1b5685582072c32db9292679e26b4697d,1,2021,train,train,com.baiyi.shiti,other,full_csv
fd746c54c415ddaa07f13964068a4e5bf33005bfca15110fae5b3d8ec91d6d06,1,2021,train,train,com.wondersgroup.ggfuwuApp,other,full_csv
fda2d060cb73029d4689079018da1246fd16187bccf5e25ca19fec842b3bbe61,1,2021,train,train,com.outfit7.talkingtomgoldrun.gold.anzhi,other,full_csv
fdf910ebb906502092b99eae5d04dfb7b32afd1d22b60729c10e6d6d3f9e1a99,1,2021,train,train,com.bwvip.sporteducation,other,full_csv
fe5d884be09bf5bae7434cfcd1550e528602485f54d2d9f2d3c64f206c81be46,1,2021,train,train,com.coop.poker,play,full_csv
fe8381a48e63be2bfa1b02caac3e747685ae5e3de1f5868c629d7730651f0d9e,1,2021,train,train,com.chuangdian.ipjl2,other,full_csv
fee9dcb5156c461c3ee88db04836fb93b98f28e04f06d01259313cdf87b64a35,1,2021,train,train,com.gzcyou.litiesports,other,full_csv
ff4b490fe941747a64795b315b6653446d7fae3a48ee300ad9773ee7c1810dfb,1,2021,train,train,com.lucky.luckyclient,other,full_csv
ff534adb436dfc136affdfa6ad2a7dc060884d89ec3daad9f37ea2fd979a1b8b,1,2021,train,train,com.company.lepay,other,full_csv
ff5461b3bf110e84bbffac8a5d553d13e7705b89389dafb22c3f54ae3c80cb34,1,2021,train,train,com.easysay.german,other,full_csv
ffa62b4b908db50c9cb9aa9a82d06eb4da1a03f5d43f55eb947db3385e0ee3c1,1,2021,train,train,com.xhl.wulong,other,full_csv
ffbb6577caa4cd11a4e7168be188603c04dc9ab32495d5a69f30155d15c6b0fc,1,2021,train,train,com.wNemessisOfficialWebsite_13944379,play,full_csv
ffeacf1b6f9b8ede28fb10e8cda951984ffc70aaf035ad082e0c7471967cfd29,1,2021,train,train,com.wMaadu_12442798,play,full_csv
