sha256,label,split,pkg_name
d2a55602c44192594c17060dfeff6f87dc8e9147ee37fdbea5029af1023a4500,0,train,com.palmeralabs.christmas_photo_frames
d3562613977a1862861b5d35d90f236fafcfe3c93f5fb525ea3ed75187a930d2,0,train,com.art.nameletterart
d3c79638f7f7dfe99ecdff963c447335a8478ee6d3051dc5460982d9548cee84,0,train,com.all.sim.internet_3g.packages
d3e08925c26bf97888f790e2562898b1015157749e4e13d0e0f39e1bac7b8990,0,train,com.styoapp.damitucositaaliendancechallenge
d3f75d6ac9b165d12a3dd0e183a982bddc7f2f228c5c91ea1d9a1e1ccd6f400a,0,train,com.ztx.nazeri
d442572896d25fa32c9931c8931e58e1d9e531cc0ecc8e584b33376df7d80757,0,train,ru.flightlabs.eface
d48ab7d193cb8b80401b2966e82bf60f2e5bae7d4cbf4d8831d3db8bc483ebe6,0,train,aw.bpostdemo.test
d4ad67c66d593429364d847df789ad5e8452e348102f90b48b532fbeb36384a9,0,train,hr.cake.cakehr
d5260a00e5b35c10d65ed0a9b8af7a8cde85a61783cf38936c4c4759cd4fcae3,0,train,com.golendukhin.whitenoise
d52768e27c6410c20daaedeb752dcb5c95eb7a56ed4acf1f60119b6a79739f03,0,train,com.mtr.nexttrain
d54c8327872e6073e02887ffcabfb63652707aed73d26319bf30c04b2b3f26a4,0,train,com.opasuhu.cantodecanariobelgaterbaik
d5521b345dd6ed5caa55e4f83c6839ca64a9737a381e1fe09cb22d0f925fa874,0,train,hkappromobile.imageeditor
d5791abc166eb9bd5b82745a878889c3beabbdb5084b00cb0134b566fda90e37,0,train,za.co.neilson.alarm
d5a12e2366d2cbebe9ee50fe2acf7fc33ffabd3505644e419a6b4df9b9279257,0,train,com.prudent.fms
d6032c73347ed48304845fc2769b1bc45d532034ff8bd4247195df57685680cb,0,train,com.climber.sales
d60e1e88f6cfbdb58e5cdcd5efa21e166f80a11542b8363ee86099e4a9b5af8e,0,train,com.kisbimarimekyakhaaye.simran
d62a1d3ad2f52ef0d8936a8c8a08b0c07864809568b1732b221e767c7c10c62f,0,train,com.odevsa.mamajabetbebe
d68399285c737dabdc9de414364142c262d326b77042e2aa1ee2a16cf9dc58b9,0,train,com.nolia.plop
d69e38239371e4e16aea3f8d919e6578373b30e8f0fb4f37e4dd4bff60f78533,0,train,com.jonn.jeff.Canto.de.Xexeu
d6acf131639d8969a8af3d56f1636273e6d85242b95b8663e7034fa4fc320610,0,train,com.skytech.omnivoxmobile
d2acc7af52daf6c506fae5c577dd20fb9075f1e41dc91c5ee027415058cd8a25,1,train,com.best3dgames.bike.taxi.pickanddrop
d2ca208e79b790212401899a42ae65249a685e689ba91ac325fbcf462d8157b3,1,train,com.dsquad.grand.farming.tractorsim.farmerstory
d3284d0675cbc1bee949ac2ff3f1882e45245d33d1a236cf6395544f880b0164,1,train,com.bedieman.vitaminEssential
d35b2c14a79a2c6462bf490b033d2255bc701f0d34b180bf2046613d15a11622,1,train,com.tencent.mgame
d3ae95e9ccfcaf150ed6d33b83ff40649564d702864a18ce516d744359606d4b,1,train,com.wlf.client
d3bea534372afc2b09ed36722b996a66791c946e50c406860184d40cf96b37e8,1,train,com.sglz
d428f79bc3ed3a66036d2498caf86a3ffe79692560df0930d7087afb58bc1403,1,train,com.mobiq.feimaor
d4365bd0833e13ea5546e538c5b3f9518fb7d0010693ff2acf32f99e4245f18c,1,train,com.qktz.qkz
d4666697ebbdfcda3631c3074d872dacb2b013c2c83bbb483be2df0694ed131f,1,train,com.hellirinc.julionalvarez.songlyrics
d46ede033c48475d4008ce048b68d224d9b50af65725c5d0f2f3555f4c2a9240,1,train,com.Ganpati_Aarti_in_Hindi_and_Marathi
d4f3d749eda3a1ba4fcb60edf11796c67192601a6ebc2f47149d3bc83aae91c1,1,train,com.restaurando.hmd
d5d17c9ee86ee74812622ca38670f0f0a4a3c5342dda5c962440e7897af5f504,1,train,com.CarInteriorDesign.hyuapp
d62d26dc21331df8e78ba13939041b57c3fede84612aae43f23eddfdcf19fcba,1,train,com.tbk.coupon
d657a579d33f82d1211772670b342299799ba4a7b8172ed61c143f62d589342c,1,train,com.wcarrefourmaroc.apps
d69e0c5549e0e6240463de37498675f2be13ba24b041ff846846fbbd7f2f7ad1,1,train,com.chuyyememsa.rwandanewsongs
d6aaf40528af96d1f41e84a6ba6e0dcff876affafc8a9f4b24abee22234eb0ac,1,train,com.attention.app
d7286ca59ae9f40204cebf8d3b29aa0a06e99456e2bf7550c77def6ccf15058b,1,train,com.lineng.huitongfinancial
d79c35c644aafba35582a7dff5d43345d619ffc3858fdd324737b3e30018a2cc,1,train,com.berkebunhidroponik.kandaapps
d7a38b53fff961d25bee4aafae35c20b6962fcd5e0002bbc744850ce69104c80,1,train,com.vrhero.lollipopcandyfoodsim
d2afcd7a9b5822c25143f8ed1df26cfad00a9cbc88d1bf3707a1986e8878bf8d,0,train,global.bithumb.android
d2fd39974085f56e60002893fbaff42d487e65c01f5c87437455cf8b43960f97,0,train,com.mobomap.appid11
d318004ea9c23cac748903adf47e9547bdaa836e8fae90dfeec821312818194a,0,train,com.jobrapp.jobr
d322239d64c72cb99ae41cf2cd43d394f4dd8eb42b01fac72775fa25aa13401c,0,train,com.zuzusounds.effect
d322d8ab34f7cf9607261f55d3e7a780beb91f90354f21a034c5606269eb68ad,0,train,com.it.mauriciobez.mma
d35377437e28e835cb7d6a4b80e58ce731ed745ecb2ab1ec0f024ca5deea61d8,0,train,com.helloguys.mcdonjuan
d379af077391afef15e2ff0f31e90c7c22ee70b9202dd50bd4dd187e4292617f,0,train,co.madseven.launcher.theme.acetone
d37b85d75414374d503309c1d84ff8b773ac5285fe05138040e76d0198da5e6f,0,train,com.arcadia.SCGPMaintenance
d3c25b17f9a8acc5ae13ef60da2c72252fe474937ab6639aba2ee05a85f93b66,0,train,com.andromo.dev739265.app955602
d407e84267df0ccc51b36e3866fb937432ad136be7205af6fce8acb66c4978a8,0,train,ravibharath.ravibharathofficial
d42a1940159f1e0b35b64b3c9c80c12a3ee0817edcf39bd956ea91a16318e9d0,0,train,com.sessiongroceries.mobileapp
d4bd1cfd0977552359fc4c3a0e82b69196375cd7d53ccddb830adfb28035751c,0,train,com.flux.manutdinpidgin
d52cdd4cf24487ead417a94e1d4f1fb2e854bd2e0b9ece4b1de0121bfd24a7cc,0,train,com.apphics.amoledwallpapers
d5973c1d661d2256b7c3e524ef45880eba5ac67497793eced2e9e7caeeb6f82c,0,train,com.animalwallpaper.husky
d5c27f9d6e364ce0b789127196adb40809bd876d58a05a3c566feef580fe0888,0,train,com.military.photosuit
d5e7e677199f99a6a5f90805cbb8db31579a0c5900dcf0a53c99893561330a79,0,train,com.magzter.closeuprunwaylondon
d641985fce51db70fafc15159020fc5d2187aedb5191244f7c40325d2b08af2d,0,train,com.appmind.radios.dk
d658d45a985d3e1a1b9c823c31a419ea952d5f7e3261abd0525a679c1ad3c56a,0,train,object.konx.client
d67eda54f9ffff1eb7c63067972bc409277499314f32fcbff94fcdd582100b66,0,train,com.silvia.jhopewallpaper
d69309e9b92be2672139591ef9e4af8cc06336202f6ab056f7abe2871501dc5c,0,train,es.eldiario.app
d69a7933050465e57bc01dea68932c09706871bba307845603100e9283b3e186,0,train,com.cevaone.simpletimelogger
d6a091f56244630503e498e427a79ccab7efb2c750c167a0e9f8759e5a9b41c2,0,train,mobi.infolife.ezweather.locker.fingerprint.door.lock
d706d4ac22da27227e193d56ff6380a12349168a7f616f48b329e80cde5f41af,0,train,com.cloudtech.fanniapp.worker
d2fe1a1397d9a64f6fa6ef71b5c7ad640d0328d799a07b635bb3be694eb756e2,1,train,com.Charile.chen
d426d6416ee3140cbeede42963afa232e628e10b442f563a49f2de394ce51128,1,train,com.liansuoww.app.wenwen
d47c9732fe8f3e96fe7ec401c320c4120002c72dc63811b384c33294057c880c,1,train,com.galaxyfrog.gs5sumhd
d49022e717e796951f36b4aef548445822f90e53ba1f79a84559c81c35c17e4c,1,train,com.lkf.vzzbsr
d49861117a7eaaf898b6eec8cb6208d9e53a3b3ccb57c515cc4de092dc9eb137,1,train,com.youhuo.transport
d4b7f221e246879b4ddbc5b5874f4e68cf9ab45343e78df59717282b2dcd76af,1,train,com.rtsm.simrat
d4e44698e5600d4f240c76731933ef6046047ad7e7887c2a7f88ddb5759e3870,1,train,com.baoshi.cmzl
d4e8b22794dc10d2d5add75baf92e409c0d8b6ce2d6ec406de8e8e76861d1170,1,train,huoche.piao.qiang
d4fc31d45dbcf6265ac7173f4e7444022c72a18872c7e18e0c1d34949267804c,1,train,klna.rer.ijawrrhrcl
d52926be5bc05c304c544b90d547bcd517c6209508bf14c3a173a7da083ce851,1,train,com.ghs.jytjer
d610d859de36012c8c9dacc9772006a5a1b6c7508e91e8fca6fba40ed87c191c,1,train,com.pplive.androidphone
d62541f190efb4d1a5ab229b8c9e0f6e73aaf36f0448ba0043e826fb63dfe045,1,train,cn.zuocaivideo
d632d5718b552832ebe05e79dfcc077f80bec327a87a80f9d5cdf68bb7329070,1,train,car.racing.unlimited.speed.nextgames.free
d65b4416f5fc87c6bb032370e5d78eb89c93c470bb995b8ba673b88ecc5dedd1,1,train,air.com.kyow.FabulousWedding
d6e369371c4755107cbad4706055eba1a0177d54670a3566d02ac7372a7af325,1,train,com.lme.xvckiz
d78c56786e02612edd0697022a38679f519290835f54511cc401dbf7f7a6c0e9,1,train,com.neusoft.ebpp
d794d78f5912fc5a25bbb5cdc226b5811a71fb2948d61b4e4f81e84e4b1bbf6d,1,train,com.fenzotech.jimu
d2be9f9e24ee88a77ac4778ffc147aa129957df733c847e3956d04fa185ac616,0,train,com.beyondsoft.xgonew
d2da8f700f19482318f4c2d41d657113268606562856c022784eae22066ef5e9,0,train,com.mghadroid.akaddon.mobiledata
d2f955802a9a5d581b11868d03918abf10178ccbbaf2e0cf29d396706d972f75,0,train,com.kgfl.player
d3003d1a8f665e2203d887180548932997d403995f67091eb0037dcb1aaa5632,0,train,com.gongyujia.app
d343c52346daff737327b92714b47960d539e065881379e20383f17d87c3795c,0,train,com.gtinfo.swordhit1
d34c5f63c9e749537209a8ac650d7f2e32823964f44d3e61b9b0a7f1bd10789f,0,train,com.hamrotech.hillbirdNew
d3674db949bfef0b6e37f366c3ffe34ca369a61f28693b77cf31569b64b443af,0,train,com.umai.taok
d38497a44415239a2c624e24f9fdec0b6314f6ebe3c113511108e133a3dcc96d,0,train,com.plaeat.m
d38bfb51e9729f0292900ce1d4e2768374a40c6ea53a32d00bac0466b7a96129,0,train,com.ezhbiz
d396acf7912c784a86d40542be283f8099898bea8af37be0ffb4acf474e98cac,0,train,com.yek.android.lesuke.activity
d3a1af64619fdf837f5b868ea915bdd42b5c5dc35aa84e3e33c0a99914dd9579,0,train,com.meishizhaoshi.hunting.company
d3e272bd425cf374f738b7b405991dce170250311e1ada99d8b9cd427326b0b1,0,train,in.remoteworld.www.starremote
d4788057ec0929c7508a945f3f0f23db39eeea461e34085c5a545c37af69e4be,0,train,com.pollysoft.babygue
d4aeba35066262eba06d53f85558d17ed367e5bb13c5a2605a21edf7067c826f,0,train,com.offlinemp3lyric.iox01
d5b0a2b7d0927d855183c9ae740813e03102f1a71a1cfb5219407f49dd7a0e1a,0,train,com.cdel.chinaacc.phone
d6a90c96fe65e68289298a307c762ecddfd98de9cc5d05c724c06eca67f8442d,0,train,com.appmakro.zaenudinmz1
d73d190f4b92460f0459a949cf86fe11675baa137095ee1edebcd5d0546f96bc,0,train,com.radioamfm.radioneo1
d2cf1246571dfe0327b8c711ebcbc685f9ea937169e8f01b3404cafb797df519,1,train,com.catxj.qq
d2fd6e3fe241a1561aa0d61df7bc00d73e31ce63184c0b23f9c5bf5eca284249,1,train,com.ims.wanmeijiushu
d3bcd870b59d6e6857700ac8a22ee2a4b644f162e47d0eef23c865e09acb469b,1,train,kevin.color.special.face
d3e937c2caaec15b5e3aeb06594e1631374d5137f98ef420157ea1ff40ac0c20,1,train,com.cfd.travel.ui.jinan
d468a0da49b3879a4b8b7776cface86d90bd5b87b70aefcbfaafe386712a14d5,1,train,com.soloparatiapps.frasesdeamor
d46b74090c55bdcd402e4f801605c7d8b6594f0f5dc869203af712931991e43a,1,train,com.sinyee.babybus.hospital
d52778e6f40e37fae57ed153697dd0acc2e5ad418472e4392d429c16797a8dff,1,train,com.wifils.kkufod
d5f4c42d3b4376f7d30166e910cf8c83636aeba5b335a87e9bca22cbd1e3a349,1,train,com.yichen.ycddz.yyh
d640fbb923ec39a60c00e50b22aa8aefc9fd7316f7d5ce9eee9b16da0cf73f6e,1,train,com.easyesoftware
d690eea204c28d0c53e17a142987f5fc888f85ba9516866057844f7da0397d31,1,train,com.tanwan.mobile.wdjt
d6e4df60bf6752efef32540021c2700d7909578b4ccbeeaeae861c00e7549ebd,1,train,com.Bangkok.eaeovjng.hrfptnceysgv
d6e9231ea15cd9a31edf5d5c2e2000f38384afcd3e5385a527149b1e159509cc,1,train,com.ibs.isrz
d7a88e32bb8dd5b6f15025eeec0329131ff303a681b9e85d653aa5ca2636219a,1,train,com.cobramobile.swagrunner
d2daea74972e845be089e984cdb45fd804cbe66983ef0bc271be669924fe8e59,0,train,com.animalwallpaper.Goat
d2f5cc4e7f1624e14a69164c41125c2a4a686dcf7a83b9816c34915c613e8cdf,0,train,com.explendore.tvchinaenvivoyendirectocanalesgratisguide
d2f80c3d4ca772e5b9a43368547296ecb7044bdbd857d88019728e348bdc5e10,0,train,hk.com.funtown.aka
d36b250a2f38d91879007cbbd2556a1771f8ab787722cba3d831b16eb0a041b8,0,train,com.btc.zkhm
d3bb24b71a0fd8dc0769cc2af20415bf054e558d40df04bc055a8df66a439cdd,0,train,com.geofencing.geofencing
d3c7734fe2d6c9589f148fa2c23fd7b2c6c68e5031569472b3c57e929585e961,0,train,com.eurekastudio.hayaben
d45a3cbbfddf8c46456c867d212336cb4c049a78159a827031ff9ca58213b8ee,0,train,corps.ai.pinterestdownloader
d49360cc14b23fcd13a0f97b2b78c70749d5a256c94daf8a868e21c3e4f8354b,0,train,com.mypetproject.homophonequiz
d4b8ea9c4ce99cb4c9223ca3e62096af919d034da87e7f8e33e183d0a7183ff8,0,train,com.huibotj.tiaotiaoandroid
d510b6d8b3e7f504e75d7a6a742ee1f71818261e1222e4664b594c73e0738f39,0,train,jp.CHILDAPP.Bears1th
d572f5471899705044a1ea9e471370f1909c1fb850e9c13bbb531aa7a4bcc9f3,0,train,com.instaflutter.demo.uber.vendor.android
d5807e6cf7e870f51f518c0c3971836d602d7d46ae7c25ae9c98a19418134b03,0,train,com.fcagroup.connect
d5ea38cbce70421d8ac3f63e7629f558533fc996e4eae70336acbbde42639433,0,train,com.mudrex.twa
d698fea431192e3e4f5210935db1d225766bc2a14f18f3ee4ff7e01b20e9a7a1,0,train,com.cri.cinitalia
d6b5c1934d33411487a0fb68eac83af60d91bf5134ab98ccef5aee2997dfd8a1,0,train,com.kumbhamedia.capitaltv
d73e7ff0eeabcbd4a0350cb572e709217967facbe9536dbdbd9a8cee36093dcc,0,train,com.minoplus.MedicineStory
d746bc4cca125fd9224d6aa6f6c48b9b71028ae8c9a948e5142d73f6f6f155e1,0,train,com.projet.learnwoloflite
d76d880530b15ec6a2c3344e79ef6da1185f9e8f960053c556c3eb0480b7b1a8,0,train,ca.youvictech.hmblaccountingbusiness
d7a69094de932468fc9abeb05a238bc793bf7cafdc5ecb326195c953ac49b446,0,train,com.ikicker.superfootball
d396bdabc72e90dea9abfcc52a4194fc98bd6b8aae01e106ce20570094506cea,1,train,com.appzaz.appsgod.matchup.snoopy
d3da2c381380854965f51c1a3fa23cfeb2cfdc6cafe99d3843474eb08ddbdb77,1,train,com.fujianjin6471.memoryhelper
d44fe06012da31d70d7e796929deca37b9f69ee864dee6ec636e3c40bd1212fe,1,train,com.wMELAKAEASYSHOP_12922163
d4aac1bffdf2afe763f4a36e9a14deab442b448feb0a46944e4d57fa38a59638,1,train,com.lomolsoft.dict.pedict
d4ae4765172870692e7cfd8efd45c0835524c3b56b9ba2bdea995a47786eae8c,1,train,com.medunion.dynasynq
d54a2717f72dcb0ec0ebc73010c6291645c71d91fa1855362c1e154baa253903,1,train,com.baoruan.theme.necirddaepqTqspnfad
d5d4e9375f74c38586f97d36fc15a3326562cf849cce0419bd649dccb6b7a9da,1,train,com.borui.sbwh
d60789887504aac05e5d898df0e1d135799490334693d36340d4817c534cf77b,1,train,com.wPabalaPrivateNatureReserve_7479719
d63021b1ec7ed2a644c4b8ffaeaf16720b3f6a68d7dff4b44d69b56f21a812a6,1,train,com.lakala.sh.cmmp
d6b15b5a1b34e37443c4863f0ff10f0f8e48992c5fe97e53b1dd007d9846f0bd,1,train,com.wenba.xbjtutor
d73b300a1b265c8efc73e6059dbaa5a90d63903f85a3a7846972fa2a49106d9b,1,train,com.wlb.qique
d75c7b794ee3b353411f66a199af2923af37ce2a5484090974f075c0958dac32,1,train,com.xigoubao
d77e6274dd415ef47d183204eaadd45377bfa2246604ce1ea7a641f3de69b1a3,1,train,com.meeruu.sharegoods
d783b5c0a6e937d753046328721b3c8602f727ac58893f5704263a49d089ab6f,1,train,com.lztv.inLiuzhou
d2a8b5d390506dd5c5c0eb10a43074307df71cca5fe7b84c57405a0241bc5592,0,train,com.Mod.Minecraft.MCPE.Chiisa.IronMan
d2d39ee9c452c7e6bc160d064a5b32376eab6ff72573e3b4b7a833a3728fb2c2,0,train,com.kudong.android
d354237bd24070e4ece0ba4a5a7719711269db5083e9de11ef39221fe9d5a389,0,train,com.zm.mypt
d44ed2e5f3ab9542e99940eca1c5c72f6fa5e4b809dc99e07917a444d488539b,0,train,com.wimmov.bemelior
d49a3db25e0b521033770e8645c6617f60449a64e78050c58ad1b88410ca3146,0,train,org.projectmaxs.module.misc
d4c74bea50ef4b7b00ab2dc0b28e11892e4bfd8679f166379fb6bead08591340,0,train,in.tsurur.toku
d4ce690a6c10aff62f0605da28988bc14b67b90c3f794c062c2f96a9506d7e91,0,train,io.nekohasekai.sagernet.plugin.brook
d77462b19871a2b067e9bd082058cf76a9c462637dfc68e598d294a86d098e28,0,train,techal.goods.dlhelper
d2d704fa033288970461c25e5b1878a00a42a55cd5ae3d21b3aad05d4e931593,1,train,com.v18213895082.gpk
d3af252845f691bba0a886387f281aacc4d83d879112be9efea59933d151dced,1,train,com.yw.guwen.guwenguanzhi
d3dcf03ef8a4ba46af2b45fbbbc46c5c70e8b1a86ce94ac5844673247a9787e3,1,train,com.distributionstation.yx.distributionstation
d43fe5f76c7386b0893c3dd3be0eb9eb67da2184fb938160ac2eba365b695c18,1,train,y.bzmh.jjgxbc
d4db3e8d7a9b4fef90064e9276257ebf9bee2b82b4fe7af1ba523e550f8241a9,1,train,com.delta.zl
d4f8cee4c4699c2e5c8737f0a5d85fbc12686b07448f447c4b58d82dd1c599d4,1,train,com.androidemu.harvespjb2
d509229c29f3580223244b7de6d9505000bc935b0a686731f3377e2f65cb1963,1,train,com.iyfeng.rainbowduang
d535248324f76442aa784f981ed47bb3c7deb66fe0f4a25a64bcb7656edf96bd,1,train,com.xlsanbaiyingxiong
d53d40a67cd8c2527b6bfa23c40c1f3cc585a1d17f6169698923c11594596685,1,train,cn.oddzone.hope.app.android.manwei
d5992b289d6f1553427fcf7153e146b26429e62ba5843696b6d2ee253c71a940,1,train,com.jiedd.com
d5b37d6a2f8424dd37ea0366d328a9efd4e2af9677ee5653fbaf6f52b6c544c1,1,train,com.dz.filemanage
d5c1bace8c63cae234f42de6124025fdcc3ada0f5a19da42b41feb85fc166417,1,train,net.kairosoft.android.horse_ja
d5f83fae049c8362c09eb0a444b61706e3388286d198c59094d15be0ccdc1e22,1,train,com.cloudfly.kingcome
d695e13478f3454bcef2b6b16b85285cdbaea90b7b7102d76bd22589243c4728,1,train,cn.ultralisk.gameapp.game03
d6aba47dec6735a26b8aee02e6072d71e0110a835208f9efd749d623201df3c8,1,train,com.wizaedshoppotion.jackpotgame
d6bc7361262fc220027c9f07ffa0551bf08986994e110f453fdbe6c733efd4d6,1,train,com.mrkstudio.jumpingminer
d6d32d1ef92a0f9bf7711d0a63b3f4baf25b86c05706bf6d68fe944d8db5c365,1,train,com.jingxipiaohao.std
d767a3df919947941233efa368c3829c2fb5f7748b9880c03be1ecd1610ca8e7,1,train,com.pts.zhujiang
d7736243382e5e571ac63fb5e7c68beba53b1bfe4e77c7942a0c407b36c77d0e,1,train,com.lxkj.szk
d78651b29cedddbc0357c13589526141a78dd95643c00541be84a583e4571afe,1,train,com.identify.know.knowingidentify
d7b07ba10ea519643067dc249dbb95846ac67f96ba4804c925d1bdf8cb5b1e66,1,train,com.yinyuetai.live
d36c0af44d4fb790d42a0ac43ce2722706fd104786131e4ef679493b603a1117,0,train,br.com.ebc.play
d3916bf8c457eb75dbfdbf6527d78d40bd8eaf39a8e3994a0e57f345cc725ef8,0,train,com.lintrainapps.callernamespeaker.callername.announcer
d5e841ef6bf7257af525fa4709429add6236be5df48586dd311649db45139368,0,train,akunososhiki.app.slashHero
d608df8cfbcca58adbf44cd5104227ca02e60cd67ab2e896ef43f23615e2a915,0,train,com.dxd.m2m
d68b24e2d8eb497d556a030851969fa5bfaec0405445a1e6c25e11d37886e7d6,0,train,axis_android.axis_android.GreenIslandCountryClub
d7015979c6063a8e567910a6df097d7dbf7b54c916de4a28bf05883a796c2f2e,0,train,com.alfaproit.osterkamp
d77bfe7ab27ebd6fe162fc5a1c8b3341205e00cc77963ca8a730414448815002,0,train,net.mbonnin.arcanetracker
d7ab47c76316f2b4335e3627a10b15b17aa14809a5f0b52f596c8e8772a1ed73,0,train,com.NangokSoftware.BokuPro
d2f665da69ec5a1aace8667091a61943be3a24af2cd424afaaa8634c17ed4b00,1,train,com.android.igun.duilian
d412bd32fb82e4ff49904cdd04e6335cf3e4be407706f300e5836ed6badbb800,1,train,com.happy.box.bella.dance.cn
d43c625e9ca919bda7e9bdfb61304e4d2f57619a59306bde22b710664b7fb4c7,1,train,com.android.app.quanmama
d476779739902e3eef02e5d8acdd5c7fa2ec2ae281b9a11204171b3d132af50b,1,train,com.xmxunchuan.zeapp
d484208f7990b9c5664f58e3bade45edda373450cd27c8182ffc5bc8a6296283,1,train,com.kuaihidjplay.product
d4b632b082a834d1bd9860fdbd2ab3fb9ce38bda86db0217cfb0b362198b3898,1,train,com.zjrx.gamestore
d50f889aa518ea1d22c0a02028ba1e3a3bc3b8960def5153a573515444f5a679,1,train,com.newtimcc.top
d52f9a6a1b5f31f7b44cad5003c221d9fae8f534b74e49961c67defbeedf0da2,1,train,com.stick.meon.yyh
d54ffdd6f5ac82a1279494ce9bde146b89dc4679e6d54d2f654755b14799475a,1,train,com.blood.pressure.intelligence.trend
d55dc21a95f72036792cca15d39c338fd696431e221c609ba3a02132a23c8948,1,train,com.iandroid.bst
d61653aeff84067440a68d9a11026cb6b5655072f02db702603c7fe48e760b7c,1,train,com.pirate.bcgp
d6edde4dd0acff9566e296d3c500fbb5a2a67ad83a48ef54827591ad17bf18a9,1,train,com.coolercpucleaner.phonecleanerbooster
d6f65e1cf6ba87b385b2ed01cb2266628380f38a291581c6685ead439af49569,1,train,com.fishhook.cathunt
d71a8f44297636c487d25020b346d5a3b2ebcb883a8bdd3a3709088bfd08543b,1,train,com.okmyapp.card
d3dfd72499b043bba6070e16438963a33c74029eb73b58ff5210d6c948ccca48,0,train,com.barytech.eino
d471671adb6af891f7e38e25e136990377daafd6c377c0ecb4160f9ad841e0a2,0,train,air.br.com.pokertexas.mobile
d479ec7f8ed3843a0e6b0898e39d9549b015b121b7ba14686b588e18f238d158,0,train,com.qrcodereader.barcodescanner.qrreader.scanqrcode
d4afcc71a46ba88125212b6d28adb38749718e59e73536a56a7706d4cf3e18c2,0,train,org.nuclearfog.twidda
d537b28093e80c4e6b0a7f5387342ce3be07394d8a70145381a4d0cff5c81e16,0,train,com.adelinolobao.canadanews
d6575ca691e2e4e3be32b6387ddb5e5b40db32daba575244622977a4ee2c7872,0,train,com.chilliapple.productexpiry
d720faf200da6e314a9b1d57825130a8afaaa55cc8a8df9c7c0447747027f01d,0,train,pro.komida.koncho
d73899a75b68a527de2c7a34934242f0f3f8b4bb454f32b94fb631800fdd4bde,0,train,com.baidu.autocar
d7a6bea76d3292607860e5c72ac14c156c61bfc52e5f60504e6d508f2a8f3c95,0,train,org.woheller69.audio_analyzer_for_android
d34ad20a5d0294a9be09659612106b929457160663153ff06abd7d7502d6bb2b,1,train,com.theotino.chinadaily
d4c2349ec4432e13b3a812b270e63601220c266eeae4d5a9f8829610eaa297cb,1,train,com.zebra.ichess
d5837693eae6bc362f5ec1fbe989e290cc56e961dc9396798c8dee30383f5194,1,train,com.Jctech
d5a910f843bc6ec658b481019c18ff7bbcfbf5e84cf72cf3172443f4f21a2f26,1,train,com.pdmi.lincheng.media
d5aad8757d9849c62afa7e0a4af6aa08bfdbbc1eadee7d6061fc6ed894638dff,1,train,com.real.real
d6eaf993dcdced8dab932e616b944ed0bd9d8575ce1116a2d4a978420fa94e08,1,train,com.runde.kyis
